ID,Latitude,Longitude,Date,SMAP_Tile,SPL4SMGP_008_Line_Y_9.00805km,SPL4SMGP_008_Sample_X_9.00805km,SPL4SMGP_008_Geophysical_Data_sm_rootzone,SPL4SMGP_008_Geophysical_Data_sm_surface
sultanpur,26.305,83.079,2025-11-01 01:30:00 UTC,h00v00,452.0,2817.0,0.1961562,0.1880968
sultanpur,26.305,83.079,2025-11-01 04:30:00 UTC,h00v00,452.0,2817.0,0.1960826,0.1864863
sultanpur,26.305,83.079,2025-11-01 07:30:00 UTC,h00v00,452.0,2817.0,0.1958979,0.1838636
sultanpur,26.305,83.079,2025-11-01 10:30:00 UTC,h00v00,452.0,2817.0,0.195656,0.1813161
sultanpur,26.305,83.079,2025-11-01 13:30:00 UTC,h00v00,452.0,2817.0,0.1956142,0.1808642
sultanpur,26.305,83.079,2025-11-01 16:30:00 UTC,h00v00,452.0,2817.0,0.1955729,0.1804778
sultanpur,26.305,83.079,2025-11-01 19:30:00 UTC,h00v00,452.0,2817.0,0.1955794,0.1800198
sultanpur,26.305,83.079,2025-11-01 22:30:00 UTC,h00v00,452.0,2817.0,0.1955488,0.1798092
sultanpur,26.305,83.079,2025-11-02 01:30:00 UTC,h00v00,452.0,2817.0,0.1962808,0.1905788
sultanpur,26.305,83.079,2025-11-02 04:30:00 UTC,h00v00,452.0,2817.0,0.1960922,0.1882809
sultanpur,26.305,83.079,2025-11-02 07:30:00 UTC,h00v00,452.0,2817.0,0.1954526,0.1804357
sultanpur,26.305,83.079,2025-11-02 10:30:00 UTC,h00v00,452.0,2817.0,0.1949667,0.1750452
sultanpur,26.305,83.079,2025-11-02 13:30:00 UTC,h00v00,452.0,2817.0,0.1948736,0.1742616
sultanpur,26.305,83.079,2025-11-02 16:30:00 UTC,h00v00,452.0,2817.0,0.1948728,0.1743038
sultanpur,26.305,83.079,2025-11-02 19:30:00 UTC,h00v00,452.0,2817.0,0.1948571,0.1745384
sultanpur,26.305,83.079,2025-11-02 22:30:00 UTC,h00v00,452.0,2817.0,0.1948448,0.1744139
sultanpur,26.305,83.079,2025-11-03 01:30:00 UTC,h00v00,452.0,2817.0,0.1948968,0.1738234
sultanpur,26.305,83.079,2025-11-03 04:30:00 UTC,h00v00,452.0,2817.0,0.194695,0.1713937
sultanpur,26.305,83.079,2025-11-03 07:30:00 UTC,h00v00,452.0,2817.0,0.1940684,0.1647356
sultanpur,26.305,83.079,2025-11-03 10:30:00 UTC,h00v00,452.0,2817.0,0.1936265,0.1602864
sultanpur,26.305,83.079,2025-11-03 13:30:00 UTC,h00v00,452.0,2817.0,0.1946258,0.1753056
sultanpur,26.305,83.079,2025-11-03 16:30:00 UTC,h00v00,452.0,2817.0,0.1946754,0.1754457
sultanpur,26.305,83.079,2025-11-03 19:30:00 UTC,h00v00,452.0,2817.0,0.1946862,0.1754059
sultanpur,26.305,83.079,2025-11-03 22:30:00 UTC,h00v00,452.0,2817.0,0.1946782,0.1751268
sultanpur,26.305,83.079,2025-11-04 01:30:00 UTC,h00v00,452.0,2817.0,0.194585,0.1750461
sultanpur,26.305,83.079,2025-11-04 04:30:00 UTC,h00v00,452.0,2817.0,0.1944446,0.1729307
sultanpur,26.305,83.079,2025-11-04 07:30:00 UTC,h00v00,452.0,2817.0,0.193881,0.1668039
sultanpur,26.305,83.079,2025-11-04 10:30:00 UTC,h00v00,452.0,2817.0,0.1935214,0.1626614
sultanpur,26.305,83.079,2025-11-04 13:30:00 UTC,h00v00,452.0,2817.0,0.1934776,0.1622311
sultanpur,26.305,83.079,2025-11-04 16:30:00 UTC,h00v00,452.0,2817.0,0.1934823,0.1622101
sultanpur,26.305,83.079,2025-11-04 19:30:00 UTC,h00v00,452.0,2817.0,0.1934829,0.1623437
sultanpur,26.305,83.079,2025-11-04 22:30:00 UTC,h00v00,452.0,2817.0,0.1934643,0.1625516
sultanpur,26.305,83.079,2025-11-05 01:30:00 UTC,h00v00,452.0,2817.0,0.1939156,0.170632
sultanpur,26.305,83.079,2025-11-05 04:30:00 UTC,h00v00,452.0,2817.0,0.1937921,0.1694049
sultanpur,26.305,83.079,2025-11-05 07:30:00 UTC,h00v00,452.0,2817.0,0.1932227,0.1638893
sultanpur,26.305,83.079,2025-11-05 10:30:00 UTC,h00v00,452.0,2817.0,0.1928317,0.1597671
sultanpur,26.305,83.079,2025-11-05 13:30:00 UTC,h00v00,452.0,2817.0,0.1942489,0.1846563
sultanpur,26.305,83.079,2025-11-05 16:30:00 UTC,h00v00,452.0,2817.0,0.1942084,0.1833745
sultanpur,26.305,83.079,2025-11-05 19:30:00 UTC,h00v00,452.0,2817.0,0.1942096,0.1821863
sultanpur,26.305,83.079,2025-11-05 22:30:00 UTC,h00v00,452.0,2817.0,0.1942055,0.1812622
sultanpur,26.305,83.079,2025-11-06 01:30:00 UTC,h00v00,452.0,2817.0,0.1942005,0.1801958
sultanpur,26.305,83.079,2025-11-06 04:30:00 UTC,h00v00,452.0,2817.0,0.1939641,0.1772058
sultanpur,26.305,83.079,2025-11-06 07:30:00 UTC,h00v00,452.0,2817.0,0.1933288,0.1694458
sultanpur,26.305,83.079,2025-11-06 10:30:00 UTC,h00v00,452.0,2817.0,0.1928288,0.163587
sultanpur,26.305,83.079,2025-11-06 13:30:00 UTC,h00v00,452.0,2817.0,0.1927704,0.163519
sultanpur,26.305,83.079,2025-11-06 16:30:00 UTC,h00v00,452.0,2817.0,0.1927592,0.1636463
sultanpur,26.305,83.079,2025-11-06 19:30:00 UTC,h00v00,452.0,2817.0,0.1926996,0.1638921
sultanpur,26.305,83.079,2025-11-06 22:30:00 UTC,h00v00,452.0,2817.0,0.1927019,0.1640642
sultanpur,26.305,83.079,2025-11-07 01:30:00 UTC,h00v00,452.0,2817.0,0.1935348,0.1806306
sultanpur,26.305,83.079,2025-11-07 04:30:00 UTC,h00v00,452.0,2817.0,0.1932825,0.1771604
sultanpur,26.305,83.079,2025-11-07 07:30:00 UTC,h00v00,452.0,2817.0,0.1925462,0.168058
sultanpur,26.305,83.079,2025-11-07 10:30:00 UTC,h00v00,452.0,2817.0,0.1920425,0.1614983
sultanpur,26.305,83.079,2025-11-07 13:30:00 UTC,h00v00,452.0,2817.0,0.1919367,0.1605971
sultanpur,26.305,83.079,2025-11-07 16:30:00 UTC,h00v00,452.0,2817.0,0.1919743,0.1607159
sultanpur,26.305,83.079,2025-11-07 19:30:00 UTC,h00v00,452.0,2817.0,0.1919332,0.1606868
sultanpur,26.305,83.079,2025-11-07 22:30:00 UTC,h00v00,452.0,2817.0,0.1919134,0.1605446
sultanpur,26.305,83.079,2025-11-08 01:30:00 UTC,h00v00,452.0,2817.0,0.1919003,0.1605762
sultanpur,26.305,83.079,2025-11-08 04:30:00 UTC,h00v00,452.0,2817.0,0.1917512,0.1595538
sultanpur,26.305,83.079,2025-11-08 07:30:00 UTC,h00v00,452.0,2817.0,0.1912932,0.1544054
sultanpur,26.305,83.079,2025-11-08 10:30:00 UTC,h00v00,452.0,2817.0,0.1909059,0.1505866
sultanpur,26.305,83.079,2025-11-08 13:30:00 UTC,h00v00,452.0,2817.0,0.1918513,0.1669775
sultanpur,26.305,83.079,2025-11-08 16:30:00 UTC,h00v00,452.0,2817.0,0.1918269,0.1670982
sultanpur,26.305,83.079,2025-11-08 19:30:00 UTC,h00v00,452.0,2817.0,0.191855,0.167129
sultanpur,26.305,83.079,2025-11-08 22:30:00 UTC,h00v00,452.0,2817.0,0.191831,0.1673567
sultanpur,26.305,83.079,2025-11-09 01:30:00 UTC,h00v00,452.0,2817.0,0.1918641,0.1677793
sultanpur,26.305,83.079,2025-11-09 04:30:00 UTC,h00v00,452.0,2817.0,0.1917238,0.1667311
sultanpur,26.305,83.079,2025-11-09 07:30:00 UTC,h00v00,452.0,2817.0,0.1912781,0.1611082
sultanpur,26.305,83.079,2025-11-09 10:30:00 UTC,h00v00,452.0,2817.0,0.1908747,0.156657
sultanpur,26.305,83.079,2025-11-09 13:30:00 UTC,h00v00,452.0,2817.0,0.1908152,0.1563087
sultanpur,26.305,83.079,2025-11-09 16:30:00 UTC,h00v00,452.0,2817.0,0.190826,0.1562217
sultanpur,26.305,83.079,2025-11-09 19:30:00 UTC,h00v00,452.0,2817.0,0.1907767,0.1560217
sultanpur,26.305,83.079,2025-11-09 22:30:00 UTC,h00v00,452.0,2817.0,0.190772,0.1560228
sultanpur,26.305,83.079,2025-11-10 01:30:00 UTC,h00v00,452.0,2817.0,0.1912267,0.1654921
sultanpur,26.305,83.079,2025-11-10 04:30:00 UTC,h00v00,452.0,2817.0,0.1911578,0.1642561
sultanpur,26.305,83.079,2025-11-10 07:30:00 UTC,h00v00,452.0,2817.0,0.1907173,0.1592962
sultanpur,26.305,83.079,2025-11-10 10:30:00 UTC,h00v00,452.0,2817.0,0.1904446,0.1557663
sultanpur,26.305,83.079,2025-11-10 13:30:00 UTC,h00v00,452.0,2817.0,0.1904415,0.1556261
sultanpur,26.305,83.079,2025-11-10 16:30:00 UTC,h00v00,452.0,2817.0,0.1904408,0.1557764
sultanpur,26.305,83.079,2025-11-10 19:30:00 UTC,h00v00,452.0,2817.0,0.1904621,0.1558595
sultanpur,26.305,83.079,2025-11-10 22:30:00 UTC,h00v00,452.0,2817.0,0.1904606,0.1558038
sultanpur,26.305,83.079,2025-11-11 01:30:00 UTC,h00v00,452.0,2817.0,0.1904327,0.1557795
sultanpur,26.305,83.079,2025-11-11 04:30:00 UTC,h00v00,452.0,2817.0,0.1903468,0.1544896
sultanpur,26.305,83.079,2025-11-11 07:30:00 UTC,h00v00,452.0,2817.0,0.1898896,0.149725
sultanpur,26.305,83.079,2025-11-11 10:30:00 UTC,h00v00,452.0,2817.0,0.1895716,0.146076
sultanpur,26.305,83.079,2025-11-11 13:30:00 UTC,h00v00,452.0,2817.0,0.1897289,0.1494569
sultanpur,26.305,83.079,2025-11-11 16:30:00 UTC,h00v00,452.0,2817.0,0.1897092,0.1499071
sultanpur,26.305,83.079,2025-11-11 19:30:00 UTC,h00v00,452.0,2817.0,0.1897497,0.1503716
sultanpur,26.305,83.079,2025-11-11 22:30:00 UTC,h00v00,452.0,2817.0,0.1897475,0.1510298
sultanpur,26.305,83.079,2025-11-12 01:30:00 UTC,h00v00,452.0,2817.0,0.1898996,0.1550572
sultanpur,26.305,83.079,2025-11-12 04:30:00 UTC,h00v00,452.0,2817.0,0.1898172,0.1544503
sultanpur,26.305,83.079,2025-11-12 07:30:00 UTC,h00v00,452.0,2817.0,0.1893837,0.1500214
sultanpur,26.305,83.079,2025-11-12 10:30:00 UTC,h00v00,452.0,2817.0,0.1891035,0.1467606
sultanpur,26.305,83.079,2025-11-12 13:30:00 UTC,h00v00,452.0,2817.0,0.1890585,0.1470238
sultanpur,26.305,83.079,2025-11-12 16:30:00 UTC,h00v00,452.0,2817.0,0.1890769,0.1476149
sultanpur,26.305,83.079,2025-11-12 19:30:00 UTC,h00v00,452.0,2817.0,0.1890887,0.1482169
sultanpur,26.305,83.079,2025-11-12 22:30:00 UTC,h00v00,452.0,2817.0,0.1891044,0.1489012
sultanpur,26.305,83.079,2025-11-13 01:30:00 UTC,h00v00,452.0,2817.0,0.1885265,0.1389134
sultanpur,26.305,83.079,2025-11-13 04:30:00 UTC,h00v00,452.0,2817.0,0.1884448,0.1389844
sultanpur,26.305,83.079,2025-11-13 07:30:00 UTC,h00v00,452.0,2817.0,0.1880851,0.1359492
sultanpur,26.305,83.079,2025-11-13 10:30:00 UTC,h00v00,452.0,2817.0,0.1876977,0.1331334
sultanpur,26.305,83.079,2025-11-13 13:30:00 UTC,h00v00,452.0,2817.0,0.1882814,0.1427868
sultanpur,26.305,83.079,2025-11-13 16:30:00 UTC,h00v00,452.0,2817.0,0.1882586,0.1435588
sultanpur,26.305,83.079,2025-11-13 19:30:00 UTC,h00v00,452.0,2817.0,0.1882755,0.1442796
sultanpur,26.305,83.079,2025-11-13 22:30:00 UTC,h00v00,452.0,2817.0,0.1883123,0.1450716
sultanpur,26.305,83.079,2025-11-14 01:30:00 UTC,h00v00,452.0,2817.0,0.1883221,0.145812
sultanpur,26.305,83.079,2025-11-14 04:30:00 UTC,h00v00,452.0,2817.0,0.1882507,0.145544
sultanpur,26.305,83.079,2025-11-14 07:30:00 UTC,h00v00,452.0,2817.0,0.1879309,0.1421349
sultanpur,26.305,83.079,2025-11-14 10:30:00 UTC,h00v00,452.0,2817.0,0.1876272,0.139099
sultanpur,26.305,83.079,2025-11-14 13:30:00 UTC,h00v00,452.0,2817.0,0.1868592,0.1262218
sultanpur,26.305,83.079,2025-11-14 16:30:00 UTC,h00v00,452.0,2817.0,0.1868917,0.1271327
sultanpur,26.305,83.079,2025-11-14 19:30:00 UTC,h00v00,452.0,2817.0,0.1868763,0.1280495
sultanpur,26.305,83.079,2025-11-14 22:30:00 UTC,h00v00,452.0,2817.0,0.1868643,0.1291401
sultanpur,26.305,83.079,2025-11-15 01:30:00 UTC,h00v00,452.0,2817.0,0.1872111,0.1366936
sultanpur,26.305,83.079,2025-11-15 04:30:00 UTC,h00v00,452.0,2817.0,0.1871321,0.1364502
sultanpur,26.305,83.079,2025-11-15 07:30:00 UTC,h00v00,452.0,2817.0,0.1868109,0.133174
sultanpur,26.305,83.079,2025-11-15 10:30:00 UTC,h00v00,452.0,2817.0,0.1865498,0.1307276
sultanpur,26.305,83.079,2025-11-15 13:30:00 UTC,h00v00,452.0,2817.0,0.1864932,0.1310541
sultanpur,26.305,83.079,2025-11-15 16:30:00 UTC,h00v00,452.0,2817.0,0.1864828,0.1317732
sultanpur,26.305,83.079,2025-11-15 19:30:00 UTC,h00v00,452.0,2817.0,0.1865201,0.1326255
sultanpur,26.305,83.079,2025-11-15 22:30:00 UTC,h00v00,452.0,2817.0,0.1865515,0.1337405
sultanpur,26.305,83.079,2025-11-16 01:30:00 UTC,h00v00,452.0,2817.0,0.1865883,0.1350265
sultanpur,26.305,83.079,2025-11-16 04:30:00 UTC,h00v00,452.0,2817.0,0.1865176,0.1355403
sultanpur,26.305,83.079,2025-11-16 07:30:00 UTC,h00v00,452.0,2817.0,0.1862679,0.1335597
sultanpur,26.305,83.079,2025-11-16 10:30:00 UTC,h00v00,452.0,2817.0,0.1861219,0.1322425
sultanpur,26.305,83.079,2025-11-16 13:30:00 UTC,h00v00,452.0,2817.0,0.1855699,0.1217822
sultanpur,26.305,83.079,2025-11-16 16:30:00 UTC,h00v00,452.0,2817.0,0.1855702,0.1232926
sultanpur,26.305,83.079,2025-11-16 19:30:00 UTC,h00v00,452.0,2817.0,0.1856399,0.12444
sultanpur,26.305,83.079,2025-11-16 22:30:00 UTC,h00v00,452.0,2817.0,0.1856323,0.1256053
sultanpur,26.305,83.079,2025-11-17 01:30:00 UTC,h00v00,452.0,2817.0,0.1856741,0.1266742
sultanpur,26.305,83.079,2025-11-17 04:30:00 UTC,h00v00,452.0,2817.0,0.1855877,0.1267631
sultanpur,26.305,83.079,2025-11-17 07:30:00 UTC,h00v00,452.0,2817.0,0.1853274,0.1251919
sultanpur,26.305,83.079,2025-11-17 10:30:00 UTC,h00v00,452.0,2817.0,0.1851577,0.1242556
sultanpur,26.305,83.079,2025-11-17 13:30:00 UTC,h00v00,452.0,2817.0,0.1851869,0.1251165
sultanpur,26.305,83.079,2025-11-17 16:30:00 UTC,h00v00,452.0,2817.0,0.1851957,0.1260311
sultanpur,26.305,83.079,2025-11-17 19:30:00 UTC,h00v00,452.0,2817.0,0.1852357,0.1269202
sultanpur,26.305,83.079,2025-11-17 22:30:00 UTC,h00v00,452.0,2817.0,0.1852097,0.1279094
sultanpur,26.305,83.079,2025-11-18 01:30:00 UTC,h00v00,452.0,2817.0,0.1851794,0.1267143
sultanpur,26.305,83.079,2025-11-18 04:30:00 UTC,h00v00,452.0,2817.0,0.1851015,0.127105
sultanpur,26.305,83.079,2025-11-18 07:30:00 UTC,h00v00,452.0,2817.0,0.1848386,0.1253604
sultanpur,26.305,83.079,2025-11-18 10:30:00 UTC,h00v00,452.0,2817.0,0.1846266,0.1239837
sultanpur,26.305,83.079,2025-11-18 13:30:00 UTC,h00v00,452.0,2817.0,0.1846298,0.1246245
sultanpur,26.305,83.079,2025-11-18 16:30:00 UTC,h00v00,452.0,2817.0,0.1846639,0.125636
sultanpur,26.305,83.079,2025-11-18 19:30:00 UTC,h00v00,452.0,2817.0,0.1847135,0.12661
sultanpur,26.305,83.079,2025-11-18 22:30:00 UTC,h00v00,452.0,2817.0,0.1847155,0.1276691
sultanpur,26.305,83.079,2025-11-19 01:30:00 UTC,h00v00,452.0,2817.0,0.1847283,0.1283779
sultanpur,26.305,83.079,2025-11-19 04:30:00 UTC,h00v00,452.0,2817.0,0.1847019,0.1280601
sultanpur,26.305,83.079,2025-11-19 07:30:00 UTC,h00v00,452.0,2817.0,0.1843788,0.1256153
sultanpur,26.305,83.079,2025-11-19 10:30:00 UTC,h00v00,452.0,2817.0,0.1841831,0.1239571
sultanpur,26.305,83.079,2025-11-19 13:30:00 UTC,h00v00,452.0,2817.0,0.1840953,0.1196677
sultanpur,26.305,83.079,2025-11-19 16:30:00 UTC,h00v00,452.0,2817.0,0.1840718,0.1206952
sultanpur,26.305,83.079,2025-11-19 19:30:00 UTC,h00v00,452.0,2817.0,0.1841359,0.1218872
sultanpur,26.305,83.079,2025-11-19 22:30:00 UTC,h00v00,452.0,2817.0,0.1841358,0.1228799
sultanpur,26.305,83.079,2025-11-20 01:30:00 UTC,h00v00,452.0,2817.0,0.1841917,0.1238647
sultanpur,26.305,83.079,2025-11-20 04:30:00 UTC,h00v00,452.0,2817.0,0.184181,0.1248743
sultanpur,26.305,83.079,2025-11-20 07:30:00 UTC,h00v00,452.0,2817.0,0.1840563,0.1248546
sultanpur,26.305,83.079,2025-11-20 10:30:00 UTC,h00v00,452.0,2817.0,0.1839655,0.1248855
sultanpur,26.305,83.079,2025-11-20 13:30:00 UTC,h00v00,452.0,2817.0,0.1840227,0.1257369
sultanpur,26.305,83.079,2025-11-20 16:30:00 UTC,h00v00,452.0,2817.0,0.1840339,0.1266292
sultanpur,26.305,83.079,2025-11-20 19:30:00 UTC,h00v00,452.0,2817.0,0.1840624,0.1273804
sultanpur,26.305,83.079,2025-11-20 22:30:00 UTC,h00v00,452.0,2817.0,0.1840529,0.128186
sultanpur,26.305,83.079,2025-11-21 01:30:00 UTC,h00v00,452.0,2817.0,0.1827956,0.1056582
sultanpur,26.305,83.079,2025-11-21 04:30:00 UTC,h00v00,452.0,2817.0,0.1827987,0.1064009
sultanpur,26.305,83.079,2025-11-21 07:30:00 UTC,h00v00,452.0,2817.0,0.182615,0.1061855
sultanpur,26.305,83.079,2025-11-21 10:30:00 UTC,h00v00,452.0,2817.0,0.1825009,0.1062926
sultanpur,26.305,83.079,2025-11-21 13:30:00 UTC,h00v00,452.0,2817.0,0.1824995,0.107254
sultanpur,26.305,83.079,2025-11-21 16:30:00 UTC,h00v00,452.0,2817.0,0.1825723,0.1084295
sultanpur,26.305,83.079,2025-11-21 19:30:00 UTC,h00v00,452.0,2817.0,0.182557,0.1095802
sultanpur,26.305,83.079,2025-11-21 22:30:00 UTC,h00v00,452.0,2817.0,0.182588,0.1107503
sultanpur,26.305,83.079,2025-11-22 01:30:00 UTC,h00v00,452.0,2817.0,0.1826247,0.1121305
sultanpur,26.305,83.079,2025-11-22 04:30:00 UTC,h00v00,452.0,2817.0,0.1826054,0.113192
sultanpur,26.305,83.079,2025-11-22 07:30:00 UTC,h00v00,452.0,2817.0,0.1823517,0.1130152
sultanpur,26.305,83.079,2025-11-22 10:30:00 UTC,h00v00,452.0,2817.0,0.1822183,0.1132852
sultanpur,26.305,83.079,2025-11-22 13:30:00 UTC,h00v00,452.0,2817.0,0.181059,0.0915222
sultanpur,26.305,83.079,2025-11-22 16:30:00 UTC,h00v00,452.0,2817.0,0.1811223,0.0925418
sultanpur,26.305,83.079,2025-11-22 19:30:00 UTC,h00v00,452.0,2817.0,0.1811492,0.0940972
sultanpur,26.305,83.079,2025-11-22 22:30:00 UTC,h00v00,452.0,2817.0,0.1811378,0.0955492
sultanpur,26.305,83.079,2025-11-23 01:30:00 UTC,h00v00,452.0,2817.0,0.1812984,0.0982285
sultanpur,26.305,83.079,2025-11-23 04:30:00 UTC,h00v00,452.0,2817.0,0.1812598,0.0988266
sultanpur,26.305,83.079,2025-11-23 07:30:00 UTC,h00v00,452.0,2817.0,0.1810474,0.0982299
sultanpur,26.305,83.079,2025-11-23 10:30:00 UTC,h00v00,452.0,2817.0,0.1808411,0.0985833
sultanpur,26.305,83.079,2025-11-23 13:30:00 UTC,h00v00,452.0,2817.0,0.1808638,0.1002703
sultanpur,26.305,83.079,2025-11-23 16:30:00 UTC,h00v00,452.0,2817.0,0.1809239,0.1015929
sultanpur,26.305,83.079,2025-11-23 19:30:00 UTC,h00v00,452.0,2817.0,0.1809716,0.1027239
sultanpur,26.305,83.079,2025-11-23 22:30:00 UTC,h00v00,452.0,2817.0,0.180991,0.1039007
sultanpur,26.305,83.079,2025-11-24 01:30:00 UTC,h00v00,452.0,2817.0,0.181018,0.1053353
sultanpur,26.305,83.079,2025-11-24 04:30:00 UTC,h00v00,452.0,2817.0,0.1810097,0.1065062
sultanpur,26.305,83.079,2025-11-24 07:30:00 UTC,h00v00,452.0,2817.0,0.1808188,0.1056355
sultanpur,26.305,83.079,2025-11-24 10:30:00 UTC,h00v00,452.0,2817.0,0.1806171,0.1048819
sultanpur,26.305,83.079,2025-11-24 13:30:00 UTC,h00v00,452.0,2817.0,0.1799193,0.0896508
sultanpur,26.305,83.079,2025-11-24 16:30:00 UTC,h00v00,452.0,2817.0,0.1799819,0.090863
sultanpur,26.305,83.079,2025-11-24 19:30:00 UTC,h00v00,452.0,2817.0,0.1799818,0.0928795
sultanpur,26.305,83.079,2025-11-24 22:30:00 UTC,h00v00,452.0,2817.0,0.1800501,0.0950349
sultanpur,26.305,83.079,2025-11-25 01:30:00 UTC,h00v00,452.0,2817.0,0.1801074,0.0970134
sultanpur,26.305,83.079,2025-11-25 04:30:00 UTC,h00v00,452.0,2817.0,0.1800431,0.097888
sultanpur,26.305,83.079,2025-11-25 07:30:00 UTC,h00v00,452.0,2817.0,0.1798509,0.0968716
sultanpur,26.305,83.079,2025-11-25 10:30:00 UTC,h00v00,452.0,2817.0,0.1796496,0.0958848
sultanpur,26.305,83.079,2025-11-25 13:30:00 UTC,h00v00,452.0,2817.0,0.1796563,0.0973253
sultanpur,26.305,83.079,2025-11-25 16:30:00 UTC,h00v00,452.0,2817.0,0.1796564,0.0992837
sultanpur,26.305,83.079,2025-11-25 19:30:00 UTC,h00v00,452.0,2817.0,0.1797236,0.1009242
sultanpur,26.305,83.079,2025-11-25 22:30:00 UTC,h00v00,452.0,2817.0,0.179722,0.1023866
sultanpur,26.305,83.079,2025-11-26 01:30:00 UTC,h00v00,452.0,2817.0,0.1792804,0.0927102
sultanpur,26.305,83.079,2025-11-26 04:30:00 UTC,h00v00,452.0,2817.0,0.1792415,0.0934339
sultanpur,26.305,83.079,2025-11-26 07:30:00 UTC,h00v00,452.0,2817.0,0.1790366,0.0927455
sultanpur,26.305,83.079,2025-11-26 10:30:00 UTC,h00v00,452.0,2817.0,0.1788903,0.0929276
sultanpur,26.305,83.079,2025-11-26 13:30:00 UTC,h00v00,452.0,2817.0,0.1788746,0.0950121
sultanpur,26.305,83.079,2025-11-26 16:30:00 UTC,h00v00,452.0,2817.0,0.1789391,0.0974072
sultanpur,26.305,83.079,2025-11-26 19:30:00 UTC,h00v00,452.0,2817.0,0.1790222,0.0993702
sultanpur,26.305,83.079,2025-11-26 22:30:00 UTC,h00v00,452.0,2817.0,0.1790622,0.1003398
sultanpur,26.305,83.079,2025-11-27 01:30:00 UTC,h00v00,452.0,2817.0,0.1790656,0.1015277
sultanpur,26.305,83.079,2025-11-27 04:30:00 UTC,h00v00,452.0,2817.0,0.1790369,0.1026097
sultanpur,26.305,83.079,2025-11-27 07:30:00 UTC,h00v00,452.0,2817.0,0.1788959,0.1021253
sultanpur,26.305,83.079,2025-11-27 10:30:00 UTC,h00v00,452.0,2817.0,0.1786793,0.1015124
sultanpur,26.305,83.079,2025-11-27 13:30:00 UTC,h00v00,452.0,2817.0,0.1778897,0.0849326
sultanpur,26.305,83.079,2025-11-27 16:30:00 UTC,h00v00,452.0,2817.0,0.1778812,0.0862659
sultanpur,26.305,83.079,2025-11-27 19:30:00 UTC,h00v00,452.0,2817.0,0.1779237,0.0877033
sultanpur,26.305,83.079,2025-11-27 22:30:00 UTC,h00v00,452.0,2817.0,0.177906,0.0895157
sultanpur,26.305,83.079,2025-11-28 01:30:00 UTC,h00v00,452.0,2817.0,0.177883,0.0903157
sultanpur,26.305,83.079,2025-11-28 04:30:00 UTC,h00v00,452.0,2817.0,0.1778584,0.0913498
sultanpur,26.305,83.079,2025-11-28 07:30:00 UTC,h00v00,452.0,2817.0,0.1776359,0.0916869
sultanpur,26.305,83.079,2025-11-28 10:30:00 UTC,h00v00,452.0,2817.0,0.1774882,0.0923202
sultanpur,26.305,83.079,2025-11-28 13:30:00 UTC,h00v00,452.0,2817.0,0.1775049,0.0937069
sultanpur,26.305,83.079,2025-11-28 16:30:00 UTC,h00v00,452.0,2817.0,0.1775234,0.0955825
sultanpur,26.305,83.079,2025-11-28 19:30:00 UTC,h00v00,452.0,2817.0,0.1775709,0.0973006
sultanpur,26.305,83.079,2025-11-28 22:30:00 UTC,h00v00,452.0,2817.0,0.1776108,0.0983023
sultanpur,26.305,83.079,2025-11-29 01:30:00 UTC,h00v00,452.0,2817.0,0.1764755,0.0767196
sultanpur,26.305,83.079,2025-11-29 04:30:00 UTC,h00v00,452.0,2817.0,0.1764399,0.0778263
sultanpur,26.305,83.079,2025-11-29 07:30:00 UTC,h00v00,452.0,2817.0,0.1762372,0.0782383
sultanpur,26.305,83.079,2025-11-29 10:30:00 UTC,h00v00,452.0,2817.0,0.1760363,0.0789774
sultanpur,26.305,83.079,2025-11-29 13:30:00 UTC,h00v00,452.0,2817.0,0.1759634,0.0778754
sultanpur,26.305,83.079,2025-11-29 16:30:00 UTC,h00v00,452.0,2817.0,0.1760196,0.0794115
sultanpur,26.305,83.079,2025-11-29 19:30:00 UTC,h00v00,452.0,2817.0,0.1760145,0.081025
sultanpur,26.305,83.079,2025-11-29 22:30:00 UTC,h00v00,452.0,2817.0,0.1760523,0.0824377
sultanpur,26.305,83.079,2025-11-30 01:30:00 UTC,h00v00,452.0,2817.0,0.1760751,0.083669
sultanpur,26.305,83.079,2025-11-30 04:30:00 UTC,h00v00,452.0,2817.0,0.1760523,0.0850739
sultanpur,26.305,83.079,2025-11-30 07:30:00 UTC,h00v00,452.0,2817.0,0.1759294,0.0862086
sultanpur,26.305,83.079,2025-11-30 10:30:00 UTC,h00v00,452.0,2817.0,0.1758238,0.0872653
sultanpur,26.305,83.079,2025-11-30 13:30:00 UTC,h00v00,452.0,2817.0,0.175296,0.076739
sultanpur,26.305,83.079,2025-11-30 16:30:00 UTC,h00v00,452.0,2817.0,0.1753407,0.0778967
sultanpur,26.305,83.079,2025-11-30 19:30:00 UTC,h00v00,452.0,2817.0,0.1753433,0.0791071
sultanpur,26.305,83.079,2025-11-30 22:30:00 UTC,h00v00,452.0,2817.0,0.175415,0.0808157
sultanpur,26.305,83.079,2025-12-01 01:30:00 UTC,h00v00,452.0,2817.0,0.1750884,0.0767652
sultanpur,26.305,83.079,2025-12-01 04:30:00 UTC,h00v00,452.0,2817.0,0.1750639,0.0785936
sultanpur,26.305,83.079,2025-12-01 07:30:00 UTC,h00v00,452.0,2817.0,0.1749088,0.0789032
sultanpur,26.305,83.079,2025-12-01 10:30:00 UTC,h00v00,452.0,2817.0,0.1747176,0.0796435
sultanpur,26.305,83.079,2025-12-01 13:30:00 UTC,h00v00,452.0,2817.0,0.1747572,0.0814788
sultanpur,26.305,83.079,2025-12-01 16:30:00 UTC,h00v00,452.0,2817.0,0.1747864,0.083632
sultanpur,26.305,83.079,2025-12-01 19:30:00 UTC,h00v00,452.0,2817.0,0.1748161,0.0857284
sultanpur,26.305,83.079,2025-12-01 22:30:00 UTC,h00v00,452.0,2817.0,0.1749011,0.0875215
sultanpur,26.305,83.079,2025-12-02 01:30:00 UTC,h00v00,452.0,2817.0,0.1749355,0.0886338
sultanpur,26.305,83.079,2025-12-02 04:30:00 UTC,h00v00,452.0,2817.0,0.1748587,0.0890851
sultanpur,26.305,83.079,2025-12-02 07:30:00 UTC,h00v00,452.0,2817.0,0.1746458,0.0882147
sultanpur,26.305,83.079,2025-12-02 10:30:00 UTC,h00v00,452.0,2817.0,0.1745051,0.0878011
sultanpur,26.305,83.079,2025-12-02 13:30:00 UTC,h00v00,452.0,2817.0,0.1737451,0.0760405
sultanpur,26.305,83.079,2025-12-02 16:30:00 UTC,h00v00,452.0,2817.0,0.1737823,0.0774558
sultanpur,26.305,83.079,2025-12-02 19:30:00 UTC,h00v00,452.0,2817.0,0.1738257,0.0790481
sultanpur,26.305,83.079,2025-12-02 22:30:00 UTC,h00v00,452.0,2817.0,0.1738705,0.0805296
sultanpur,26.305,83.079,2025-12-03 01:30:00 UTC,h00v00,452.0,2817.0,0.1739351,0.0818388
sultanpur,26.305,83.079,2025-12-03 04:30:00 UTC,h00v00,452.0,2817.0,0.1738792,0.0827036
sultanpur,26.305,83.079,2025-12-03 07:30:00 UTC,h00v00,452.0,2817.0,0.1737153,0.0828922
sultanpur,26.305,83.079,2025-12-03 10:30:00 UTC,h00v00,452.0,2817.0,0.1736171,0.0834745
sultanpur,26.305,83.079,2025-12-03 13:30:00 UTC,h00v00,452.0,2817.0,0.1736222,0.085171
sultanpur,26.305,83.079,2025-12-03 16:30:00 UTC,h00v00,452.0,2817.0,0.1736467,0.0866872
sultanpur,26.305,83.079,2025-12-03 19:30:00 UTC,h00v00,452.0,2817.0,0.1736788,0.0879019
sultanpur,26.305,83.079,2025-12-03 22:30:00 UTC,h00v00,452.0,2817.0,0.173734,0.0897231
sultanpur,26.305,83.079,2025-12-04 01:30:00 UTC,h00v00,452.0,2817.0,0.1729849,0.0750592
sultanpur,26.305,83.079,2025-12-04 04:30:00 UTC,h00v00,452.0,2817.0,0.1729782,0.076384
sultanpur,26.305,83.079,2025-12-04 07:30:00 UTC,h00v00,452.0,2817.0,0.1727355,0.0765255
sultanpur,26.305,83.079,2025-12-04 10:30:00 UTC,h00v00,452.0,2817.0,0.1725782,0.0767281
sultanpur,26.305,83.079,2025-12-04 13:30:00 UTC,h00v00,452.0,2817.0,0.1726096,0.0782732
sultanpur,26.305,83.079,2025-12-04 16:30:00 UTC,h00v00,452.0,2817.0,0.1726457,0.0799811
sultanpur,26.305,83.079,2025-12-04 19:30:00 UTC,h00v00,452.0,2817.0,0.1726805,0.0820094
sultanpur,26.305,83.079,2025-12-04 22:30:00 UTC,h00v00,452.0,2817.0,0.1727275,0.0839043
sultanpur,26.305,83.079,2025-12-05 01:30:00 UTC,h00v00,452.0,2817.0,0.17278,0.0857765
sultanpur,26.305,83.079,2025-12-05 04:30:00 UTC,h00v00,452.0,2817.0,0.1727569,0.0871395
sultanpur,26.305,83.079,2025-12-05 07:30:00 UTC,h00v00,452.0,2817.0,0.1726396,0.0878205
sultanpur,26.305,83.079,2025-12-05 10:30:00 UTC,h00v00,452.0,2817.0,0.1725066,0.0884822
sultanpur,26.305,83.079,2025-12-05 13:30:00 UTC,h00v00,452.0,2817.0,0.1713273,0.0693107
sultanpur,26.305,83.079,2025-12-05 16:30:00 UTC,h00v00,452.0,2817.0,0.1713866,0.0713605
sultanpur,26.305,83.079,2025-12-05 19:30:00 UTC,h00v00,452.0,2817.0,0.1714493,0.0728468
sultanpur,26.305,83.079,2025-12-05 22:30:00 UTC,h00v00,452.0,2817.0,0.1714447,0.074298
sultanpur,26.305,83.079,2025-12-06 01:30:00 UTC,h00v00,452.0,2817.0,0.1715551,0.0772043
sultanpur,26.305,83.079,2025-12-06 04:30:00 UTC,h00v00,452.0,2817.0,0.1715406,0.0791441
sultanpur,26.305,83.079,2025-12-06 07:30:00 UTC,h00v00,452.0,2817.0,0.1713879,0.0797468
sultanpur,26.305,83.079,2025-12-06 10:30:00 UTC,h00v00,452.0,2817.0,0.1712714,0.0802005
sultanpur,26.305,83.079,2025-12-06 13:30:00 UTC,h00v00,452.0,2817.0,0.171262,0.0807948
sultanpur,26.305,83.079,2025-12-06 16:30:00 UTC,h00v00,452.0,2817.0,0.1713446,0.0822866
sultanpur,26.305,83.079,2025-12-06 19:30:00 UTC,h00v00,452.0,2817.0,0.1713674,0.0840893
sultanpur,26.305,83.079,2025-12-06 22:30:00 UTC,h00v00,452.0,2817.0,0.1714008,0.0856942
sultanpur,26.305,83.079,2025-12-07 01:30:00 UTC,h00v00,452.0,2817.0,0.1705144,0.0701044
sultanpur,26.305,83.079,2025-12-07 04:30:00 UTC,h00v00,452.0,2817.0,0.1704802,0.0713403
sultanpur,26.305,83.079,2025-12-07 07:30:00 UTC,h00v00,452.0,2817.0,0.1704293,0.0723231
sultanpur,26.305,83.079,2025-12-07 10:30:00 UTC,h00v00,452.0,2817.0,0.1703196,0.073448
sultanpur,26.305,83.079,2025-12-07 13:30:00 UTC,h00v00,452.0,2817.0,0.1705313,0.0775711
sultanpur,26.305,83.079,2025-12-07 16:30:00 UTC,h00v00,452.0,2817.0,0.1705944,0.0792372
sultanpur,26.305,83.079,2025-12-07 19:30:00 UTC,h00v00,452.0,2817.0,0.1706229,0.0807704
sultanpur,26.305,83.079,2025-12-07 22:30:00 UTC,h00v00,452.0,2817.0,0.1706457,0.0820338
sultanpur,26.305,83.079,2025-12-08 01:30:00 UTC,h00v00,452.0,2817.0,0.1706872,0.0836597
sultanpur,26.305,83.079,2025-12-08 04:30:00 UTC,h00v00,452.0,2817.0,0.170666,0.0851082
sultanpur,26.305,83.079,2025-12-08 07:30:00 UTC,h00v00,452.0,2817.0,0.1705639,0.0859238
sultanpur,26.305,83.079,2025-12-08 10:30:00 UTC,h00v00,452.0,2817.0,0.170553,0.0870321
sultanpur,26.305,83.079,2025-12-08 13:30:00 UTC,h00v00,452.0,2817.0,0.1697921,0.0735213
sultanpur,26.305,83.079,2025-12-08 16:30:00 UTC,h00v00,452.0,2817.0,0.1698375,0.0755058
sultanpur,26.305,83.079,2025-12-08 19:30:00 UTC,h00v00,452.0,2817.0,0.1698967,0.0773373
sultanpur,26.305,83.079,2025-12-08 22:30:00 UTC,h00v00,452.0,2817.0,0.169888,0.0791766
sultanpur,26.305,83.079,2025-12-09 01:30:00 UTC,h00v00,452.0,2817.0,0.1698799,0.078134
sultanpur,26.305,83.079,2025-12-09 04:30:00 UTC,h00v00,452.0,2817.0,0.169857,0.0793506
sultanpur,26.305,83.079,2025-12-09 07:30:00 UTC,h00v00,452.0,2817.0,0.1697226,0.079264
sultanpur,26.305,83.079,2025-12-09 10:30:00 UTC,h00v00,452.0,2817.0,0.1696239,0.0788838
sultanpur,26.305,83.079,2025-12-09 13:30:00 UTC,h00v00,452.0,2817.0,0.1696282,0.0799474
sultanpur,26.305,83.079,2025-12-09 16:30:00 UTC,h00v00,452.0,2817.0,0.169628,0.0810897
sultanpur,26.305,83.079,2025-12-09 19:30:00 UTC,h00v00,452.0,2817.0,0.1696218,0.0825844
sultanpur,26.305,83.079,2025-12-09 22:30:00 UTC,h00v00,452.0,2817.0,0.1696806,0.0841793
sultanpur,26.305,83.079,2025-12-10 01:30:00 UTC,h00v00,452.0,2817.0,0.1697204,0.0852404
sultanpur,26.305,83.079,2025-12-10 04:30:00 UTC,h00v00,452.0,2817.0,0.1697043,0.0870325
sultanpur,26.305,83.079,2025-12-10 07:30:00 UTC,h00v00,452.0,2817.0,0.1696354,0.0874276
sultanpur,26.305,83.079,2025-12-10 10:30:00 UTC,h00v00,452.0,2817.0,0.169552,0.0878256
sultanpur,26.305,83.079,2025-12-10 13:30:00 UTC,h00v00,452.0,2817.0,0.1696413,0.0887298
sultanpur,26.305,83.079,2025-12-10 16:30:00 UTC,h00v00,452.0,2817.0,0.1696165,0.090181
sultanpur,26.305,83.079,2025-12-10 19:30:00 UTC,h00v00,452.0,2817.0,0.1696531,0.0913441
sultanpur,26.305,83.079,2025-12-10 22:30:00 UTC,h00v00,452.0,2817.0,0.1697031,0.0924856
sultanpur,26.305,83.079,2025-12-11 01:30:00 UTC,h00v00,452.0,2817.0,0.1697381,0.0934266
sultanpur,26.305,83.079,2025-12-11 04:30:00 UTC,h00v00,452.0,2817.0,0.1697248,0.0938059
sultanpur,26.305,83.079,2025-12-11 07:30:00 UTC,h00v00,452.0,2817.0,0.1695791,0.0936527
sultanpur,26.305,83.079,2025-12-11 10:30:00 UTC,h00v00,452.0,2817.0,0.169537,0.0940615
sultanpur,26.305,83.079,2025-12-11 13:30:00 UTC,h00v00,452.0,2817.0,0.1694964,0.0957288
sultanpur,26.305,83.079,2025-12-11 16:30:00 UTC,h00v00,452.0,2817.0,0.1695468,0.09768
sultanpur,26.305,83.079,2025-12-11 19:30:00 UTC,h00v00,452.0,2817.0,0.1695722,0.0985905
sultanpur,26.305,83.079,2025-12-11 22:30:00 UTC,h00v00,452.0,2817.0,0.1696038,0.099412
sultanpur,26.305,83.079,2025-12-12 01:30:00 UTC,h00v00,452.0,2817.0,0.1693307,0.0934709
sultanpur,26.305,83.079,2025-12-12 04:30:00 UTC,h00v00,452.0,2817.0,0.1693607,0.0942972
sultanpur,26.305,83.079,2025-12-12 07:30:00 UTC,h00v00,452.0,2817.0,0.1692197,0.0937885
sultanpur,26.305,83.079,2025-12-12 10:30:00 UTC,h00v00,452.0,2817.0,0.1691362,0.0931103
sultanpur,26.305,83.079,2025-12-12 13:30:00 UTC,h00v00,452.0,2817.0,0.1691441,0.0939641
sultanpur,26.305,83.079,2025-12-12 16:30:00 UTC,h00v00,452.0,2817.0,0.1692029,0.094792
sultanpur,26.305,83.079,2025-12-12 19:30:00 UTC,h00v00,452.0,2817.0,0.1692145,0.0954732
sultanpur,26.305,83.079,2025-12-12 22:30:00 UTC,h00v00,452.0,2817.0,0.1692096,0.0965362
sultanpur,26.305,83.079,2025-12-13 01:30:00 UTC,h00v00,452.0,2817.0,0.1692681,0.0975046
sultanpur,26.305,83.079,2025-12-13 04:30:00 UTC,h00v00,452.0,2817.0,0.1692337,0.0983211
sultanpur,26.305,83.079,2025-12-13 07:30:00 UTC,h00v00,452.0,2817.0,0.1691472,0.0977388
sultanpur,26.305,83.079,2025-12-13 10:30:00 UTC,h00v00,452.0,2817.0,0.169039,0.0972766
sultanpur,26.305,83.079,2025-12-13 13:30:00 UTC,h00v00,452.0,2817.0,0.1695192,0.1067659
sultanpur,26.305,83.079,2025-12-13 16:30:00 UTC,h00v00,452.0,2817.0,0.1695175,0.1076535
sultanpur,26.305,83.079,2025-12-13 19:30:00 UTC,h00v00,452.0,2817.0,0.1695704,0.1085543
sultanpur,26.305,83.079,2025-12-13 22:30:00 UTC,h00v00,452.0,2817.0,0.16956,0.1092466
sultanpur,26.305,83.079,2025-12-14 01:30:00 UTC,h00v00,452.0,2817.0,0.1705069,0.127654
sultanpur,26.305,83.079,2025-12-14 04:30:00 UTC,h00v00,452.0,2817.0,0.1704894,0.127834
sultanpur,26.305,83.079,2025-12-14 07:30:00 UTC,h00v00,452.0,2817.0,0.170334,0.126238
sultanpur,26.305,83.079,2025-12-14 10:30:00 UTC,h00v00,452.0,2817.0,0.1702733,0.1248271
sultanpur,26.305,83.079,2025-12-14 13:30:00 UTC,h00v00,452.0,2817.0,0.1702306,0.1249624
sultanpur,26.305,83.079,2025-12-14 16:30:00 UTC,h00v00,452.0,2817.0,0.1702483,0.1251293
sultanpur,26.305,83.079,2025-12-14 19:30:00 UTC,h00v00,452.0,2817.0,0.1702483,0.1251858
sultanpur,26.305,83.079,2025-12-14 22:30:00 UTC,h00v00,452.0,2817.0,0.1702582,0.1251416
sultanpur,26.305,83.079,2025-12-15 01:30:00 UTC,h00v00,452.0,2817.0,0.1696986,0.1140294
sultanpur,26.305,83.079,2025-12-15 04:30:00 UTC,h00v00,452.0,2817.0,0.1696786,0.1142597
sultanpur,26.305,83.079,2025-12-15 07:30:00 UTC,h00v00,452.0,2817.0,0.1695175,0.1129103
sultanpur,26.305,83.079,2025-12-15 10:30:00 UTC,h00v00,452.0,2817.0,0.1693678,0.1119181
sultanpur,26.305,83.079,2025-12-15 13:30:00 UTC,h00v00,452.0,2817.0,0.1692754,0.1122313
sultanpur,26.305,83.079,2025-12-15 16:30:00 UTC,h00v00,452.0,2817.0,0.1693332,0.1131709
sultanpur,26.305,83.079,2025-12-15 19:30:00 UTC,h00v00,452.0,2817.0,0.1693185,0.114291
sultanpur,26.305,83.079,2025-12-15 22:30:00 UTC,h00v00,452.0,2817.0,0.1693657,0.1152777
sultanpur,26.305,83.079,2025-12-16 01:30:00 UTC,h00v00,452.0,2817.0,0.1693862,0.1159739
sultanpur,26.305,83.079,2025-12-16 04:30:00 UTC,h00v00,452.0,2817.0,0.1693576,0.116081
sultanpur,26.305,83.079,2025-12-16 07:30:00 UTC,h00v00,452.0,2817.0,0.1692267,0.1149743
sultanpur,26.305,83.079,2025-12-16 10:30:00 UTC,h00v00,452.0,2817.0,0.169138,0.1143878
sultanpur,26.305,83.079,2025-12-16 13:30:00 UTC,h00v00,452.0,2817.0,0.1683482,0.1008019
sultanpur,26.305,83.079,2025-12-16 16:30:00 UTC,h00v00,452.0,2817.0,0.1683617,0.1017469
sultanpur,26.305,83.079,2025-12-16 19:30:00 UTC,h00v00,452.0,2817.0,0.1683521,0.1026871
sultanpur,26.305,83.079,2025-12-16 22:30:00 UTC,h00v00,452.0,2817.0,0.1683993,0.103286
sultanpur,26.305,83.079,2025-12-17 01:30:00 UTC,h00v00,452.0,2817.0,0.1682556,0.1012771
sultanpur,26.305,83.079,2025-12-17 04:30:00 UTC,h00v00,452.0,2817.0,0.1682444,0.1015929
sultanpur,26.305,83.079,2025-12-17 07:30:00 UTC,h00v00,452.0,2817.0,0.1681153,0.1006954
sultanpur,26.305,83.079,2025-12-17 10:30:00 UTC,h00v00,452.0,2817.0,0.1680332,0.09976
sultanpur,26.305,83.079,2025-12-17 13:30:00 UTC,h00v00,452.0,2817.0,0.1679749,0.1001979
sultanpur,26.305,83.079,2025-12-17 16:30:00 UTC,h00v00,452.0,2817.0,0.1680343,0.101019
sultanpur,26.305,83.079,2025-12-17 19:30:00 UTC,h00v00,452.0,2817.0,0.1680624,0.1022654
sultanpur,26.305,83.079,2025-12-17 22:30:00 UTC,h00v00,452.0,2817.0,0.1680867,0.1038634
sultanpur,26.305,83.079,2025-12-18 01:30:00 UTC,h00v00,452.0,2817.0,0.1680782,0.105047
sultanpur,26.305,83.079,2025-12-18 04:30:00 UTC,h00v00,452.0,2817.0,0.1681252,0.1056976
sultanpur,26.305,83.079,2025-12-18 07:30:00 UTC,h00v00,452.0,2817.0,0.1679874,0.1048302
sultanpur,26.305,83.079,2025-12-18 10:30:00 UTC,h00v00,452.0,2817.0,0.1679096,0.1045292
sultanpur,26.305,83.079,2025-12-18 13:30:00 UTC,h00v00,452.0,2817.0,0.168457,0.1174348
sultanpur,26.305,83.079,2025-12-18 16:30:00 UTC,h00v00,452.0,2817.0,0.1684797,0.1180673
sultanpur,26.305,83.079,2025-12-18 19:30:00 UTC,h00v00,452.0,2817.0,0.1685067,0.1186476
sultanpur,26.305,83.079,2025-12-18 22:30:00 UTC,h00v00,452.0,2817.0,0.1685382,0.119136
sultanpur,26.305,83.079,2025-12-19 01:30:00 UTC,h00v00,452.0,2817.0,0.1685191,0.1196828
sultanpur,26.305,83.079,2025-12-19 04:30:00 UTC,h00v00,452.0,2817.0,0.1685473,0.1198493
sultanpur,26.305,83.079,2025-12-19 07:30:00 UTC,h00v00,452.0,2817.0,0.1683827,0.1181587
sultanpur,26.305,83.079,2025-12-19 10:30:00 UTC,h00v00,452.0,2817.0,0.1682127,0.1165962
sultanpur,26.305,83.079,2025-12-19 13:30:00 UTC,h00v00,452.0,2817.0,0.1682007,0.1169448
sultanpur,26.305,83.079,2025-12-19 16:30:00 UTC,h00v00,452.0,2817.0,0.1682415,0.1174662
sultanpur,26.305,83.079,2025-12-19 19:30:00 UTC,h00v00,452.0,2817.0,0.1682561,0.1179413
sultanpur,26.305,83.079,2025-12-19 22:30:00 UTC,h00v00,452.0,2817.0,0.168227,0.1180642
sultanpur,26.305,83.079,2025-12-20 01:30:00 UTC,h00v00,452.0,2817.0,0.1680704,0.1150594
sultanpur,26.305,83.079,2025-12-20 04:30:00 UTC,h00v00,452.0,2817.0,0.1680527,0.1153094
sultanpur,26.305,83.079,2025-12-20 07:30:00 UTC,h00v00,452.0,2817.0,0.167927,0.1139915
sultanpur,26.305,83.079,2025-12-20 10:30:00 UTC,h00v00,452.0,2817.0,0.1677589,0.1127055
sultanpur,26.305,83.079,2025-12-20 13:30:00 UTC,h00v00,452.0,2817.0,0.16779,0.1130313
sultanpur,26.305,83.079,2025-12-20 16:30:00 UTC,h00v00,452.0,2817.0,0.1677891,0.1135011
sultanpur,26.305,83.079,2025-12-20 19:30:00 UTC,h00v00,452.0,2817.0,0.1678228,0.1141708
sultanpur,26.305,83.079,2025-12-20 22:30:00 UTC,h00v00,452.0,2817.0,0.1677995,0.1151079
sultanpur,26.305,83.079,2025-12-21 01:30:00 UTC,h00v00,452.0,2817.0,0.1678565,0.1161073
sultanpur,26.305,83.079,2025-12-21 04:30:00 UTC,h00v00,452.0,2817.0,0.1678271,0.1162065
sultanpur,26.305,83.079,2025-12-21 07:30:00 UTC,h00v00,452.0,2817.0,0.167632,0.1144849
sultanpur,26.305,83.079,2025-12-21 10:30:00 UTC,h00v00,452.0,2817.0,0.1675169,0.1134003
sultanpur,26.305,83.079,2025-12-21 13:30:00 UTC,h00v00,452.0,2817.0,0.1693004,0.1445814
sultanpur,26.305,83.079,2025-12-21 16:30:00 UTC,h00v00,452.0,2817.0,0.1692982,0.1440898
sultanpur,26.305,83.079,2025-12-21 19:30:00 UTC,h00v00,452.0,2817.0,0.1692958,0.1435072
sultanpur,26.305,83.079,2025-12-21 22:30:00 UTC,h00v00,452.0,2817.0,0.1692954,0.1428355
sultanpur,26.305,83.079,2025-12-22 01:30:00 UTC,h00v00,452.0,2817.0,0.1707265,0.1658849
sultanpur,26.305,83.079,2025-12-22 04:30:00 UTC,h00v00,452.0,2817.0,0.1706425,0.1619818
sultanpur,26.305,83.079,2025-12-22 07:30:00 UTC,h00v00,452.0,2817.0,0.1704332,0.1565545
sultanpur,26.305,83.079,2025-12-22 10:30:00 UTC,h00v00,452.0,2817.0,0.1702812,0.1525128
sultanpur,26.305,83.079,2025-12-22 13:30:00 UTC,h00v00,452.0,2817.0,0.1702313,0.1512153
sultanpur,26.305,83.079,2025-12-22 16:30:00 UTC,h00v00,452.0,2817.0,0.1701794,0.1504938
sultanpur,26.305,83.079,2025-12-22 19:30:00 UTC,h00v00,452.0,2817.0,0.1701732,0.1497393
sultanpur,26.305,83.079,2025-12-22 22:30:00 UTC,h00v00,452.0,2817.0,0.1701811,0.1491156
sultanpur,26.305,83.079,2025-12-23 01:30:00 UTC,h00v00,452.0,2817.0,0.1703445,0.1500138
sultanpur,26.305,83.079,2025-12-23 04:30:00 UTC,h00v00,452.0,2817.0,0.1702958,0.1490056
sultanpur,26.305,83.079,2025-12-23 07:30:00 UTC,h00v00,452.0,2817.0,0.1701188,0.1454661
sultanpur,26.305,83.079,2025-12-23 10:30:00 UTC,h00v00,452.0,2817.0,0.1699086,0.1422966
sultanpur,26.305,83.079,2025-12-23 13:30:00 UTC,h00v00,452.0,2817.0,0.170342,0.1485473
sultanpur,26.305,83.079,2025-12-23 16:30:00 UTC,h00v00,452.0,2817.0,0.1703397,0.1480799
sultanpur,26.305,83.079,2025-12-23 19:30:00 UTC,h00v00,452.0,2817.0,0.1703253,0.1475273
sultanpur,26.305,83.079,2025-12-23 22:30:00 UTC,h00v00,452.0,2817.0,0.1703054,0.1467835
sultanpur,26.305,83.079,2025-12-24 01:30:00 UTC,h00v00,452.0,2817.0,0.1702837,0.1461446
sultanpur,26.305,83.079,2025-12-24 04:30:00 UTC,h00v00,452.0,2817.0,0.1702705,0.1452592
sultanpur,26.305,83.079,2025-12-24 07:30:00 UTC,h00v00,452.0,2817.0,0.1700297,0.1417625
sultanpur,26.305,83.079,2025-12-24 10:30:00 UTC,h00v00,452.0,2817.0,0.1698157,0.1381959
sultanpur,26.305,83.079,2025-12-24 13:30:00 UTC,h00v00,452.0,2817.0,0.1700296,0.1425976
sultanpur,26.305,83.079,2025-12-24 16:30:00 UTC,h00v00,452.0,2817.0,0.1700181,0.1428443
sultanpur,26.305,83.079,2025-12-24 19:30:00 UTC,h00v00,452.0,2817.0,0.1700056,0.1428612
sultanpur,26.305,83.079,2025-12-24 22:30:00 UTC,h00v00,452.0,2817.0,0.1699804,0.1426665
sultanpur,26.305,83.079,2025-12-25 01:30:00 UTC,h00v00,452.0,2817.0,0.1702644,0.1472083
sultanpur,26.305,83.079,2025-12-25 04:30:00 UTC,h00v00,452.0,2817.0,0.1701973,0.1466619
sultanpur,26.305,83.079,2025-12-25 07:30:00 UTC,h00v00,452.0,2817.0,0.1700053,0.1438137
sultanpur,26.305,83.079,2025-12-25 10:30:00 UTC,h00v00,452.0,2817.0,0.169874,0.1411288
sultanpur,26.305,83.079,2025-12-25 13:30:00 UTC,h00v00,452.0,2817.0,0.1698194,0.1408029
sultanpur,26.305,83.079,2025-12-25 16:30:00 UTC,h00v00,452.0,2817.0,0.1698096,0.1406927
sultanpur,26.305,83.079,2025-12-25 19:30:00 UTC,h00v00,452.0,2817.0,0.1698124,0.1403832
sultanpur,26.305,83.079,2025-12-25 22:30:00 UTC,h00v00,452.0,2817.0,0.1698326,0.1401621
sultanpur,26.305,83.079,2025-12-26 01:30:00 UTC,h00v00,452.0,2817.0,0.1697977,0.1398533
sultanpur,26.305,83.079,2025-12-26 04:30:00 UTC,h00v00,452.0,2817.0,0.1697566,0.1387462
sultanpur,26.305,83.079,2025-12-26 07:30:00 UTC,h00v00,452.0,2817.0,0.1695516,0.1351387
sultanpur,26.305,83.079,2025-12-26 10:30:00 UTC,h00v00,452.0,2817.0,0.1693259,0.1319987
sultanpur,26.305,83.079,2025-12-26 13:30:00 UTC,h00v00,452.0,2817.0,0.169681,0.1368651
sultanpur,26.305,83.079,2025-12-26 16:30:00 UTC,h00v00,452.0,2817.0,0.1696866,0.1369221
sultanpur,26.305,83.079,2025-12-26 19:30:00 UTC,h00v00,452.0,2817.0,0.1696419,0.1368317
sultanpur,26.305,83.079,2025-12-26 22:30:00 UTC,h00v00,452.0,2817.0,0.1696246,0.1365378
sultanpur,26.305,83.079,2025-12-27 01:30:00 UTC,h00v00,452.0,2817.0,0.1696226,0.1361443
sultanpur,26.305,83.079,2025-12-27 04:30:00 UTC,h00v00,452.0,2817.0,0.1695608,0.1345052
sultanpur,26.305,83.079,2025-12-27 07:30:00 UTC,h00v00,452.0,2817.0,0.1692838,0.1301592
sultanpur,26.305,83.079,2025-12-27 10:30:00 UTC,h00v00,452.0,2817.0,0.1690647,0.1269879
sultanpur,26.305,83.079,2025-12-27 13:30:00 UTC,h00v00,452.0,2817.0,0.1690591,0.1267921
sultanpur,26.305,83.079,2025-12-27 16:30:00 UTC,h00v00,452.0,2817.0,0.1690355,0.1268384
sultanpur,26.305,83.079,2025-12-27 19:30:00 UTC,h00v00,452.0,2817.0,0.1689997,0.1266692
sultanpur,26.305,83.079,2025-12-27 22:30:00 UTC,h00v00,452.0,2817.0,0.1689849,0.1266989
sultanpur,26.305,83.079,2025-12-28 01:30:00 UTC,h00v00,452.0,2817.0,0.1693412,0.1311427
sultanpur,26.305,83.079,2025-12-28 04:30:00 UTC,h00v00,452.0,2817.0,0.1693202,0.1306649
sultanpur,26.305,83.079,2025-12-28 07:30:00 UTC,h00v00,452.0,2817.0,0.1690357,0.1274592
sultanpur,26.305,83.079,2025-12-28 10:30:00 UTC,h00v00,452.0,2817.0,0.16887,0.1247502
sultanpur,26.305,83.079,2025-12-28 13:30:00 UTC,h00v00,452.0,2817.0,0.1688137,0.1243155
sultanpur,26.305,83.079,2025-12-28 16:30:00 UTC,h00v00,452.0,2817.0,0.1688464,0.1241065
sultanpur,26.305,83.079,2025-12-28 19:30:00 UTC,h00v00,452.0,2817.0,0.1688272,0.124037
sultanpur,26.305,83.079,2025-12-28 22:30:00 UTC,h00v00,452.0,2817.0,0.1688222,0.1241561
sultanpur,26.305,83.079,2025-12-29 01:30:00 UTC,h00v00,452.0,2817.0,0.1688149,0.1242664
sultanpur,26.305,83.079,2025-12-29 04:30:00 UTC,h00v00,452.0,2817.0,0.1688,0.1240302
sultanpur,26.305,83.079,2025-12-29 07:30:00 UTC,h00v00,452.0,2817.0,0.1686987,0.1224682
sultanpur,26.305,83.079,2025-12-29 10:30:00 UTC,h00v00,452.0,2817.0,0.1685637,0.1209648
sultanpur,26.305,83.079,2025-12-29 13:30:00 UTC,h00v00,452.0,2817.0,0.170253,0.1495424
sultanpur,26.305,83.079,2025-12-29 16:30:00 UTC,h00v00,452.0,2817.0,0.1702422,0.1489992
sultanpur,26.305,83.079,2025-12-29 19:30:00 UTC,h00v00,452.0,2817.0,0.1701949,0.1485012
sultanpur,26.305,83.079,2025-12-29 22:30:00 UTC,h00v00,452.0,2817.0,0.1701691,0.14797
sultanpur,26.305,83.079,2025-12-30 01:30:00 UTC,h00v00,452.0,2817.0,0.1711836,0.1664352
sultanpur,26.305,83.079,2025-12-30 04:30:00 UTC,h00v00,452.0,2817.0,0.171111,0.1631105
sultanpur,26.305,83.079,2025-12-30 07:30:00 UTC,h00v00,452.0,2817.0,0.170869,0.1567582
sultanpur,26.305,83.079,2025-12-30 10:30:00 UTC,h00v00,452.0,2817.0,0.1705945,0.1512106
sultanpur,26.305,83.079,2025-12-30 13:30:00 UTC,h00v00,452.0,2817.0,0.1705422,0.1495984
sultanpur,26.305,83.079,2025-12-30 16:30:00 UTC,h00v00,452.0,2817.0,0.1705686,0.1486537
sultanpur,26.305,83.079,2025-12-30 19:30:00 UTC,h00v00,452.0,2817.0,0.1705551,0.1475555
sultanpur,26.305,83.079,2025-12-30 22:30:00 UTC,h00v00,452.0,2817.0,0.1705418,0.1466139
sultanpur,26.305,83.079,2025-12-31 01:30:00 UTC,h00v00,452.0,2817.0,0.1703902,0.144248
sultanpur,26.305,83.079,2025-12-31 04:30:00 UTC,h00v00,452.0,2817.0,0.170331,0.1432477
sultanpur,26.305,83.079,2025-12-31 07:30:00 UTC,h00v00,452.0,2817.0,0.1700863,0.1397518
sultanpur,26.305,83.079,2025-12-31 10:30:00 UTC,h00v00,452.0,2817.0,0.1698647,0.136505
sultanpur,26.305,83.079,2025-12-31 13:30:00 UTC,h00v00,452.0,2817.0,0.1707043,0.1527094
sultanpur,26.305,83.079,2025-12-31 16:30:00 UTC,h00v00,452.0,2817.0,0.1706675,0.1525057
sultanpur,26.305,83.079,2025-12-31 19:30:00 UTC,h00v00,452.0,2817.0,0.1706742,0.1522638
sultanpur,26.305,83.079,2025-12-31 22:30:00 UTC,h00v00,452.0,2817.0,0.1706441,0.1518818
sultanpur,26.305,83.079,2026-01-01 01:30:00 UTC,h00v00,452.0,2817.0,0.1706233,0.1513297
sultanpur,26.305,83.079,2026-01-01 04:30:00 UTC,h00v00,452.0,2817.0,0.1705949,0.1496893
sultanpur,26.305,83.079,2026-01-01 07:30:00 UTC,h00v00,452.0,2817.0,0.1703651,0.145136
sultanpur,26.305,83.079,2026-01-01 10:30:00 UTC,h00v00,452.0,2817.0,0.1700995,0.1414387
sultanpur,26.305,83.079,2026-01-01 13:30:00 UTC,h00v00,452.0,2817.0,0.1700632,0.1408801
sultanpur,26.305,83.079,2026-01-01 16:30:00 UTC,h00v00,452.0,2817.0,0.1700526,0.1409054
sultanpur,26.305,83.079,2026-01-01 19:30:00 UTC,h00v00,452.0,2817.0,0.170091,0.1408831
sultanpur,26.305,83.079,2026-01-01 22:30:00 UTC,h00v00,452.0,2817.0,0.1700735,0.1407678
sultanpur,26.305,83.079,2026-01-02 01:30:00 UTC,h00v00,452.0,2817.0,0.1702964,0.145328
sultanpur,26.305,83.079,2026-01-02 04:30:00 UTC,h00v00,452.0,2817.0,0.1702622,0.1447928
sultanpur,26.305,83.079,2026-01-02 07:30:00 UTC,h00v00,452.0,2817.0,0.1700408,0.141614
sultanpur,26.305,83.079,2026-01-02 10:30:00 UTC,h00v00,452.0,2817.0,0.1698097,0.1386397
sultanpur,26.305,83.079,2026-01-02 13:30:00 UTC,h00v00,452.0,2817.0,0.1697744,0.1380683
sultanpur,26.305,83.079,2026-01-02 16:30:00 UTC,h00v00,452.0,2817.0,0.1698074,0.1377562
sultanpur,26.305,83.079,2026-01-02 19:30:00 UTC,h00v00,452.0,2817.0,0.1697901,0.1375236
sultanpur,26.305,83.079,2026-01-02 22:30:00 UTC,h00v00,452.0,2817.0,0.1697771,0.1374656
sultanpur,26.305,83.079,2026-01-03 01:30:00 UTC,h00v00,452.0,2817.0,0.1697726,0.1373356
sultanpur,26.305,83.079,2026-01-03 04:30:00 UTC,h00v00,452.0,2817.0,0.169772,0.1365714
sultanpur,26.305,83.079,2026-01-03 07:30:00 UTC,h00v00,452.0,2817.0,0.1694951,0.1330038
sultanpur,26.305,83.079,2026-01-03 10:30:00 UTC,h00v00,452.0,2817.0,0.1692904,0.1297502
sultanpur,26.305,83.079,2026-01-03 13:30:00 UTC,h00v00,452.0,2817.0,0.1702259,0.1453168
sultanpur,26.305,83.079,2026-01-03 16:30:00 UTC,h00v00,452.0,2817.0,0.1702137,0.1451657
sultanpur,26.305,83.079,2026-01-03 19:30:00 UTC,h00v00,452.0,2817.0,0.1702213,0.1449532
sultanpur,26.305,83.079,2026-01-03 22:30:00 UTC,h00v00,452.0,2817.0,0.170205,0.1448113
sultanpur,26.305,83.079,2026-01-04 01:30:00 UTC,h00v00,452.0,2817.0,0.1701999,0.1448908
sultanpur,26.305,83.079,2026-01-04 04:30:00 UTC,h00v00,452.0,2817.0,0.1701541,0.1440256
sultanpur,26.305,83.079,2026-01-04 07:30:00 UTC,h00v00,452.0,2817.0,0.1698769,0.1397583
sultanpur,26.305,83.079,2026-01-04 10:30:00 UTC,h00v00,452.0,2817.0,0.1696048,0.1362413
sultanpur,26.305,83.079,2026-01-04 13:30:00 UTC,h00v00,452.0,2817.0,0.1695383,0.1359183
sultanpur,26.305,83.079,2026-01-04 16:30:00 UTC,h00v00,452.0,2817.0,0.1695762,0.1359558
sultanpur,26.305,83.079,2026-01-04 19:30:00 UTC,h00v00,452.0,2817.0,0.1695123,0.1357723
sultanpur,26.305,83.079,2026-01-04 22:30:00 UTC,h00v00,452.0,2817.0,0.1695131,0.1355292
sultanpur,26.305,83.079,2026-01-05 01:30:00 UTC,h00v00,452.0,2817.0,0.1705498,0.1525421
sultanpur,26.305,83.079,2026-01-05 04:30:00 UTC,h00v00,452.0,2817.0,0.1705126,0.1516246
sultanpur,26.305,83.079,2026-01-05 07:30:00 UTC,h00v00,452.0,2817.0,0.1703424,0.1486851
sultanpur,26.305,83.079,2026-01-05 10:30:00 UTC,h00v00,452.0,2817.0,0.170159,0.1456722
sultanpur,26.305,83.079,2026-01-05 13:30:00 UTC,h00v00,452.0,2817.0,0.170073,0.1449207
sultanpur,26.305,83.079,2026-01-05 16:30:00 UTC,h00v00,452.0,2817.0,0.1700678,0.1444094
sultanpur,26.305,83.079,2026-01-05 19:30:00 UTC,h00v00,452.0,2817.0,0.1700517,0.1441663
sultanpur,26.305,83.079,2026-01-05 22:30:00 UTC,h00v00,452.0,2817.0,0.1700827,0.1440515
sultanpur,26.305,83.079,2026-01-06 01:30:00 UTC,h00v00,452.0,2817.0,0.1700518,0.1436615
sultanpur,26.305,83.079,2026-01-06 04:30:00 UTC,h00v00,452.0,2817.0,0.1700191,0.1422509
sultanpur,26.305,83.079,2026-01-06 07:30:00 UTC,h00v00,452.0,2817.0,0.169737,0.1377861
sultanpur,26.305,83.079,2026-01-06 10:30:00 UTC,h00v00,452.0,2817.0,0.1695236,0.1338194
sultanpur,26.305,83.079,2026-01-06 13:30:00 UTC,h00v00,452.0,2817.0,0.1703447,0.1503798
sultanpur,26.305,83.079,2026-01-06 16:30:00 UTC,h00v00,452.0,2817.0,0.1703274,0.150291
sultanpur,26.305,83.079,2026-01-06 19:30:00 UTC,h00v00,452.0,2817.0,0.1703666,0.1501038
sultanpur,26.305,83.079,2026-01-06 22:30:00 UTC,h00v00,452.0,2817.0,0.1703324,0.1500006
sultanpur,26.305,83.079,2026-01-07 01:30:00 UTC,h00v00,452.0,2817.0,0.1705762,0.1549983
sultanpur,26.305,83.079,2026-01-07 04:30:00 UTC,h00v00,452.0,2817.0,0.170499,0.1536874
sultanpur,26.305,83.079,2026-01-07 07:30:00 UTC,h00v00,452.0,2817.0,0.1702193,0.1486417
sultanpur,26.305,83.079,2026-01-07 10:30:00 UTC,h00v00,452.0,2817.0,0.169954,0.1439384
sultanpur,26.305,83.079,2026-01-07 13:30:00 UTC,h00v00,452.0,2817.0,0.1698543,0.1427767
sultanpur,26.305,83.079,2026-01-07 16:30:00 UTC,h00v00,452.0,2817.0,0.1698491,0.1422121
sultanpur,26.305,83.079,2026-01-07 19:30:00 UTC,h00v00,452.0,2817.0,0.1698102,0.1417009
sultanpur,26.305,83.079,2026-01-07 22:30:00 UTC,h00v00,452.0,2817.0,0.1697938,0.1414578
sultanpur,26.305,83.079,2026-01-08 01:30:00 UTC,h00v00,452.0,2817.0,0.1698336,0.1415952
sultanpur,26.305,83.079,2026-01-08 04:30:00 UTC,h00v00,452.0,2817.0,0.1697428,0.1406613
sultanpur,26.305,83.079,2026-01-08 07:30:00 UTC,h00v00,452.0,2817.0,0.1694198,0.1359729
sultanpur,26.305,83.079,2026-01-08 10:30:00 UTC,h00v00,452.0,2817.0,0.1691328,0.1315572
sultanpur,26.305,83.079,2026-01-08 13:30:00 UTC,h00v00,452.0,2817.0,0.169862,0.1460742
sultanpur,26.305,83.079,2026-01-08 16:30:00 UTC,h00v00,452.0,2817.0,0.1698145,0.1452832
sultanpur,26.305,83.079,2026-01-08 19:30:00 UTC,h00v00,452.0,2817.0,0.1697702,0.1446026
sultanpur,26.305,83.079,2026-01-08 22:30:00 UTC,h00v00,452.0,2817.0,0.1697983,0.1441183
sultanpur,26.305,83.079,2026-01-09 01:30:00 UTC,h00v00,452.0,2817.0,0.1697751,0.1432253
sultanpur,26.305,83.079,2026-01-09 04:30:00 UTC,h00v00,452.0,2817.0,0.1696749,0.1407897
sultanpur,26.305,83.079,2026-01-09 07:30:00 UTC,h00v00,452.0,2817.0,0.1693836,0.135701
sultanpur,26.305,83.079,2026-01-09 10:30:00 UTC,h00v00,452.0,2817.0,0.1691317,0.1313677
sultanpur,26.305,83.079,2026-01-09 13:30:00 UTC,h00v00,452.0,2817.0,0.1688555,0.1258662
sultanpur,26.305,83.079,2026-01-09 16:30:00 UTC,h00v00,452.0,2817.0,0.1688511,0.1262921
sultanpur,26.305,83.079,2026-01-09 19:30:00 UTC,h00v00,452.0,2817.0,0.1688395,0.1265728
sultanpur,26.305,83.079,2026-01-09 22:30:00 UTC,h00v00,452.0,2817.0,0.1688588,0.1267831
sultanpur,26.305,83.079,2026-01-10 01:30:00 UTC,h00v00,452.0,2817.0,0.1689481,0.1285729
sultanpur,26.305,83.079,2026-01-10 04:30:00 UTC,h00v00,452.0,2817.0,0.1689119,0.128017
sultanpur,26.305,83.079,2026-01-10 07:30:00 UTC,h00v00,452.0,2817.0,0.1686134,0.1248969
sultanpur,26.305,83.079,2026-01-10 10:30:00 UTC,h00v00,452.0,2817.0,0.1684558,0.1225106
sultanpur,26.305,83.079,2026-01-10 13:30:00 UTC,h00v00,452.0,2817.0,0.16841,0.1226855
sultanpur,26.305,83.079,2026-01-10 16:30:00 UTC,h00v00,452.0,2817.0,0.1684508,0.1231568
sultanpur,26.305,83.079,2026-01-10 19:30:00 UTC,h00v00,452.0,2817.0,0.1684499,0.1235763
sultanpur,26.305,83.079,2026-01-10 22:30:00 UTC,h00v00,452.0,2817.0,0.1684467,0.1240062
sultanpur,26.305,83.079,2026-01-11 01:30:00 UTC,h00v00,452.0,2817.0,0.1684343,0.1242842
sultanpur,26.305,83.079,2026-01-11 04:30:00 UTC,h00v00,452.0,2817.0,0.1684088,0.1240005
sultanpur,26.305,83.079,2026-01-11 07:30:00 UTC,h00v00,452.0,2817.0,0.1681425,0.1211157
sultanpur,26.305,83.079,2026-01-11 10:30:00 UTC,h00v00,452.0,2817.0,0.1678775,0.1182886
sultanpur,26.305,83.079,2026-01-11 13:30:00 UTC,h00v00,452.0,2817.0,0.1685572,0.1296831
sultanpur,26.305,83.079,2026-01-11 16:30:00 UTC,h00v00,452.0,2817.0,0.1685292,0.1297921
sultanpur,26.305,83.079,2026-01-11 19:30:00 UTC,h00v00,452.0,2817.0,0.1685658,0.1299334
sultanpur,26.305,83.079,2026-01-11 22:30:00 UTC,h00v00,452.0,2817.0,0.1685336,0.1301666
sultanpur,26.305,83.079,2026-01-12 01:30:00 UTC,h00v00,452.0,2817.0,0.1685458,0.1301745
sultanpur,26.305,83.079,2026-01-12 04:30:00 UTC,h00v00,452.0,2817.0,0.1685419,0.1290581
sultanpur,26.305,83.079,2026-01-12 07:30:00 UTC,h00v00,452.0,2817.0,0.1682299,0.1249449
sultanpur,26.305,83.079,2026-01-12 10:30:00 UTC,h00v00,452.0,2817.0,0.1679837,0.1214579
sultanpur,26.305,83.079,2026-01-12 13:30:00 UTC,h00v00,452.0,2817.0,0.1679994,0.1206885
sultanpur,26.305,83.079,2026-01-12 16:30:00 UTC,h00v00,452.0,2817.0,0.1679647,0.1199714
sultanpur,26.305,83.079,2026-01-12 19:30:00 UTC,h00v00,452.0,2817.0,0.1679332,0.1194915
sultanpur,26.305,83.079,2026-01-12 22:30:00 UTC,h00v00,452.0,2817.0,0.1679203,0.1195251
sultanpur,26.305,83.079,2026-01-13 01:30:00 UTC,h00v00,452.0,2817.0,0.1676202,0.1136166
sultanpur,26.305,83.079,2026-01-13 04:30:00 UTC,h00v00,452.0,2817.0,0.1675552,0.113601
sultanpur,26.305,83.079,2026-01-13 07:30:00 UTC,h00v00,452.0,2817.0,0.167377,0.1114337
sultanpur,26.305,83.079,2026-01-13 10:30:00 UTC,h00v00,452.0,2817.0,0.1671635,0.1092077
sultanpur,26.305,83.079,2026-01-13 13:30:00 UTC,h00v00,452.0,2817.0,0.1671485,0.1092105
sultanpur,26.305,83.079,2026-01-13 16:30:00 UTC,h00v00,452.0,2817.0,0.1671454,0.1099787
sultanpur,26.305,83.079,2026-01-13 19:30:00 UTC,h00v00,452.0,2817.0,0.1671245,0.1108614
sultanpur,26.305,83.079,2026-01-13 22:30:00 UTC,h00v00,452.0,2817.0,0.1671685,0.1111616
sultanpur,26.305,83.079,2026-01-14 01:30:00 UTC,h00v00,452.0,2817.0,0.1671666,0.1111909
sultanpur,26.305,83.079,2026-01-14 04:30:00 UTC,h00v00,452.0,2817.0,0.167102,0.1107977
sultanpur,26.305,83.079,2026-01-14 07:30:00 UTC,h00v00,452.0,2817.0,0.1668584,0.1080762
sultanpur,26.305,83.079,2026-01-14 10:30:00 UTC,h00v00,452.0,2817.0,0.1666282,0.1054411
sultanpur,26.305,83.079,2026-01-14 13:30:00 UTC,h00v00,452.0,2817.0,0.1673205,0.1164176
sultanpur,26.305,83.079,2026-01-14 16:30:00 UTC,h00v00,452.0,2817.0,0.1673275,0.1169008
sultanpur,26.305,83.079,2026-01-14 19:30:00 UTC,h00v00,452.0,2817.0,0.1673058,0.117436
sultanpur,26.305,83.079,2026-01-14 22:30:00 UTC,h00v00,452.0,2817.0,0.1672984,0.117957
sultanpur,26.305,83.079,2026-01-15 01:30:00 UTC,h00v00,452.0,2817.0,0.1683456,0.1385135
sultanpur,26.305,83.079,2026-01-15 04:30:00 UTC,h00v00,452.0,2817.0,0.1683241,0.1378254
sultanpur,26.305,83.079,2026-01-15 07:30:00 UTC,h00v00,452.0,2817.0,0.1680299,0.133865
sultanpur,26.305,83.079,2026-01-15 10:30:00 UTC,h00v00,452.0,2817.0,0.167813,0.1301841
sultanpur,26.305,83.079,2026-01-15 13:30:00 UTC,h00v00,452.0,2817.0,0.1677567,0.1295491
sultanpur,26.305,83.079,2026-01-15 16:30:00 UTC,h00v00,452.0,2817.0,0.1677489,0.1292016
sultanpur,26.305,83.079,2026-01-15 19:30:00 UTC,h00v00,452.0,2817.0,0.1677356,0.1288678
sultanpur,26.305,83.079,2026-01-15 22:30:00 UTC,h00v00,452.0,2817.0,0.1677123,0.1287567
sultanpur,26.305,83.079,2026-01-16 01:30:00 UTC,h00v00,452.0,2817.0,0.1669239,0.1144763
sultanpur,26.305,83.079,2026-01-16 04:30:00 UTC,h00v00,452.0,2817.0,0.1668871,0.114536
sultanpur,26.305,83.079,2026-01-16 07:30:00 UTC,h00v00,452.0,2817.0,0.1666622,0.1125488
sultanpur,26.305,83.079,2026-01-16 10:30:00 UTC,h00v00,452.0,2817.0,0.1664969,0.1103907
sultanpur,26.305,83.079,2026-01-16 13:30:00 UTC,h00v00,452.0,2817.0,0.1662967,0.1066708
sultanpur,26.305,83.079,2026-01-16 16:30:00 UTC,h00v00,452.0,2817.0,0.1662768,0.1073106
sultanpur,26.305,83.079,2026-01-16 19:30:00 UTC,h00v00,452.0,2817.0,0.1662966,0.1081515
sultanpur,26.305,83.079,2026-01-16 22:30:00 UTC,h00v00,452.0,2817.0,0.1662673,0.1089469
sultanpur,26.305,83.079,2026-01-17 01:30:00 UTC,h00v00,452.0,2817.0,0.1663063,0.1093186
sultanpur,26.305,83.079,2026-01-17 04:30:00 UTC,h00v00,452.0,2817.0,0.1662832,0.1089475
sultanpur,26.305,83.079,2026-01-17 07:30:00 UTC,h00v00,452.0,2817.0,0.1660761,0.1067708
sultanpur,26.305,83.079,2026-01-17 10:30:00 UTC,h00v00,452.0,2817.0,0.1658574,0.1046442
sultanpur,26.305,83.079,2026-01-17 13:30:00 UTC,h00v00,452.0,2817.0,0.1653588,0.096025
sultanpur,26.305,83.079,2026-01-17 16:30:00 UTC,h00v00,452.0,2817.0,0.1653274,0.0966837
sultanpur,26.305,83.079,2026-01-17 19:30:00 UTC,h00v00,452.0,2817.0,0.165384,0.0972774
sultanpur,26.305,83.079,2026-01-17 22:30:00 UTC,h00v00,452.0,2817.0,0.1653647,0.0979683
sultanpur,26.305,83.079,2026-01-18 01:30:00 UTC,h00v00,452.0,2817.0,0.1656201,0.1034472
sultanpur,26.305,83.079,2026-01-18 04:30:00 UTC,h00v00,452.0,2817.0,0.1655455,0.1035392
sultanpur,26.305,83.079,2026-01-18 07:30:00 UTC,h00v00,452.0,2817.0,0.1653977,0.1016551
sultanpur,26.305,83.079,2026-01-18 10:30:00 UTC,h00v00,452.0,2817.0,0.1652613,0.1003585
sultanpur,26.305,83.079,2026-01-18 13:30:00 UTC,h00v00,452.0,2817.0,0.165224,0.1007782
sultanpur,26.305,83.079,2026-01-18 16:30:00 UTC,h00v00,452.0,2817.0,0.1652403,0.1013319
sultanpur,26.305,83.079,2026-01-18 19:30:00 UTC,h00v00,452.0,2817.0,0.1652571,0.1020109
sultanpur,26.305,83.079,2026-01-18 22:30:00 UTC,h00v00,452.0,2817.0,0.1652814,0.1026479
sultanpur,26.305,83.079,2026-01-19 01:30:00 UTC,h00v00,452.0,2817.0,0.1653001,0.1030489
sultanpur,26.305,83.079,2026-01-19 04:30:00 UTC,h00v00,452.0,2817.0,0.1652604,0.1029727
sultanpur,26.305,83.079,2026-01-19 07:30:00 UTC,h00v00,452.0,2817.0,0.1650816,0.1015784
sultanpur,26.305,83.079,2026-01-19 10:30:00 UTC,h00v00,452.0,2817.0,0.1649627,0.1003879
sultanpur,26.305,83.079,2026-01-19 13:30:00 UTC,h00v00,452.0,2817.0,0.164864,0.0985478
sultanpur,26.305,83.079,2026-01-19 16:30:00 UTC,h00v00,452.0,2817.0,0.1648486,0.0991934
sultanpur,26.305,83.079,2026-01-19 19:30:00 UTC,h00v00,452.0,2817.0,0.1648873,0.0998717
sultanpur,26.305,83.079,2026-01-19 22:30:00 UTC,h00v00,452.0,2817.0,0.164881,0.1005771
sultanpur,26.305,83.079,2026-01-20 01:30:00 UTC,h00v00,452.0,2817.0,0.1648692,0.1011626
sultanpur,26.305,83.079,2026-01-20 04:30:00 UTC,h00v00,452.0,2817.0,0.1648484,0.1012029
sultanpur,26.305,83.079,2026-01-20 07:30:00 UTC,h00v00,452.0,2817.0,0.1647532,0.1004407
sultanpur,26.305,83.079,2026-01-20 10:30:00 UTC,h00v00,452.0,2817.0,0.1646215,0.099841
sultanpur,26.305,83.079,2026-01-20 13:30:00 UTC,h00v00,452.0,2817.0,0.1645717,0.1005211
sultanpur,26.305,83.079,2026-01-20 16:30:00 UTC,h00v00,452.0,2817.0,0.1645864,0.1012542
sultanpur,26.305,83.079,2026-01-20 19:30:00 UTC,h00v00,452.0,2817.0,0.1646215,0.1015656
sultanpur,26.305,83.079,2026-01-20 22:30:00 UTC,h00v00,452.0,2817.0,0.1646187,0.1018013
sultanpur,26.305,83.079,2026-01-21 01:30:00 UTC,h00v00,452.0,2817.0,0.1642912,0.0952211
sultanpur,26.305,83.079,2026-01-21 04:30:00 UTC,h00v00,452.0,2817.0,0.1642635,0.0955326
sultanpur,26.305,83.079,2026-01-21 07:30:00 UTC,h00v00,452.0,2817.0,0.1640175,0.0934215
sultanpur,26.305,83.079,2026-01-21 10:30:00 UTC,h00v00,452.0,2817.0,0.1637929,0.091181
sultanpur,26.305,83.079,2026-01-21 13:30:00 UTC,h00v00,452.0,2817.0,0.16379,0.0913657
sultanpur,26.305,83.079,2026-01-21 16:30:00 UTC,h00v00,452.0,2817.0,0.1638134,0.0915767
sultanpur,26.305,83.079,2026-01-21 19:30:00 UTC,h00v00,452.0,2817.0,0.1637998,0.0923622
sultanpur,26.305,83.079,2026-01-21 22:30:00 UTC,h00v00,452.0,2817.0,0.163852,0.0935627
sultanpur,26.305,83.079,2026-01-22 01:30:00 UTC,h00v00,452.0,2817.0,0.1639444,0.0948048
sultanpur,26.305,83.079,2026-01-22 04:30:00 UTC,h00v00,452.0,2817.0,0.163931,0.0953584
sultanpur,26.305,83.079,2026-01-22 07:30:00 UTC,h00v00,452.0,2817.0,0.1637134,0.0930195
sultanpur,26.305,83.079,2026-01-22 10:30:00 UTC,h00v00,452.0,2817.0,0.1634741,0.0911307
sultanpur,26.305,83.079,2026-01-22 13:30:00 UTC,h00v00,452.0,2817.0,0.1632244,0.0862691
sultanpur,26.305,83.079,2026-01-22 16:30:00 UTC,h00v00,452.0,2817.0,0.1632482,0.0870898
sultanpur,26.305,83.079,2026-01-22 19:30:00 UTC,h00v00,452.0,2817.0,0.1632319,0.0876609
sultanpur,26.305,83.079,2026-01-22 22:30:00 UTC,h00v00,452.0,2817.0,0.1632662,0.088393
sultanpur,26.305,83.079,2026-01-23 01:30:00 UTC,h00v00,452.0,2817.0,0.1633025,0.0892669
sultanpur,26.305,83.079,2026-01-23 04:30:00 UTC,h00v00,452.0,2817.0,0.1632939,0.0900973
sultanpur,26.305,83.079,2026-01-23 07:30:00 UTC,h00v00,452.0,2817.0,0.1630924,0.0890361
sultanpur,26.305,83.079,2026-01-23 10:30:00 UTC,h00v00,452.0,2817.0,0.1629483,0.0880809
sultanpur,26.305,83.079,2026-01-23 13:30:00 UTC,h00v00,452.0,2817.0,0.1629348,0.0886581
sultanpur,26.305,83.079,2026-01-23 16:30:00 UTC,h00v00,452.0,2817.0,0.1629543,0.089268
sultanpur,26.305,83.079,2026-01-23 19:30:00 UTC,h00v00,452.0,2817.0,0.1629724,0.0902281
sultanpur,26.305,83.079,2026-01-23 22:30:00 UTC,h00v00,452.0,2817.0,0.163005,0.0910479
sultanpur,26.305,83.079,2026-01-24 01:30:00 UTC,h00v00,452.0,2817.0,0.1622558,0.0768801
sultanpur,26.305,83.079,2026-01-24 04:30:00 UTC,h00v00,452.0,2817.0,0.1622024,0.0781715
sultanpur,26.305,83.079,2026-01-24 07:30:00 UTC,h00v00,452.0,2817.0,0.1621129,0.0784471
sultanpur,26.305,83.079,2026-01-24 10:30:00 UTC,h00v00,452.0,2817.0,0.1620752,0.0787031
sultanpur,26.305,83.079,2026-01-24 13:30:00 UTC,h00v00,452.0,2817.0,0.1624519,0.085478
sultanpur,26.305,83.079,2026-01-24 16:30:00 UTC,h00v00,452.0,2817.0,0.1624327,0.0861474
sultanpur,26.305,83.079,2026-01-24 19:30:00 UTC,h00v00,452.0,2817.0,0.1624216,0.0866114
sultanpur,26.305,83.079,2026-01-24 22:30:00 UTC,h00v00,452.0,2817.0,0.1624584,0.0871732
sultanpur,26.305,83.079,2026-01-25 01:30:00 UTC,h00v00,452.0,2817.0,0.1624469,0.0876937
sultanpur,26.305,83.079,2026-01-25 04:30:00 UTC,h00v00,452.0,2817.0,0.1624096,0.0882775
sultanpur,26.305,83.079,2026-01-25 07:30:00 UTC,h00v00,452.0,2817.0,0.1622198,0.0876883
sultanpur,26.305,83.079,2026-01-25 10:30:00 UTC,h00v00,452.0,2817.0,0.1620561,0.0868487
sultanpur,26.305,83.079,2026-01-25 13:30:00 UTC,h00v00,452.0,2817.0,0.1620992,0.0849133
sultanpur,26.305,83.079,2026-01-25 16:30:00 UTC,h00v00,452.0,2817.0,0.1620959,0.0854125
sultanpur,26.305,83.079,2026-01-25 19:30:00 UTC,h00v00,452.0,2817.0,0.162099,0.0863253
sultanpur,26.305,83.079,2026-01-25 22:30:00 UTC,h00v00,452.0,2817.0,0.162108,0.0875996
sultanpur,26.305,83.079,2026-01-26 01:30:00 UTC,h00v00,452.0,2817.0,0.1622854,0.0910716
sultanpur,26.305,83.079,2026-01-26 04:30:00 UTC,h00v00,452.0,2817.0,0.162199,0.0915754
sultanpur,26.305,83.079,2026-01-26 07:30:00 UTC,h00v00,452.0,2817.0,0.1620106,0.0899425
sultanpur,26.305,83.079,2026-01-26 10:30:00 UTC,h00v00,452.0,2817.0,0.1618166,0.0883951
sultanpur,26.305,83.079,2026-01-26 13:30:00 UTC,h00v00,452.0,2817.0,0.1617725,0.0884449
sultanpur,26.305,83.079,2026-01-26 16:30:00 UTC,h00v00,452.0,2817.0,0.1618182,0.089801
sultanpur,26.305,83.079,2026-01-26 19:30:00 UTC,h00v00,452.0,2817.0,0.1618547,0.0912581
sultanpur,26.305,83.079,2026-01-26 22:30:00 UTC,h00v00,452.0,2817.0,0.1618594,0.0921158
sultanpur,26.305,83.079,2026-01-27 01:30:00 UTC,h00v00,452.0,2817.0,0.1619019,0.0928553
sultanpur,26.305,83.079,2026-01-27 04:30:00 UTC,h00v00,452.0,2817.0,0.1618622,0.0937919
sultanpur,26.305,83.079,2026-01-27 07:30:00 UTC,h00v00,452.0,2817.0,0.1616795,0.0928847
sultanpur,26.305,83.079,2026-01-27 10:30:00 UTC,h00v00,452.0,2817.0,0.1615226,0.0921085
sultanpur,26.305,83.079,2026-01-27 13:30:00 UTC,h00v00,452.0,2817.0,0.1614807,0.0927625
sultanpur,26.305,83.079,2026-01-27 16:30:00 UTC,h00v00,452.0,2817.0,0.1615262,0.0935118
sultanpur,26.305,83.079,2026-01-27 19:30:00 UTC,h00v00,452.0,2817.0,0.1615261,0.094193
sultanpur,26.305,83.079,2026-01-27 22:30:00 UTC,h00v00,452.0,2817.0,0.1615684,0.0947798
sultanpur,26.305,83.079,2026-01-28 01:30:00 UTC,h00v00,452.0,2817.0,0.1616067,0.0952763
sultanpur,26.305,83.079,2026-01-28 04:30:00 UTC,h00v00,452.0,2817.0,0.1615802,0.0956795
sultanpur,26.305,83.079,2026-01-28 07:30:00 UTC,h00v00,452.0,2817.0,0.1615879,0.0960538
sultanpur,26.305,83.079,2026-01-28 10:30:00 UTC,h00v00,452.0,2817.0,0.1614968,0.0958205
sultanpur,26.305,83.079,2026-01-28 13:30:00 UTC,h00v00,452.0,2817.0,0.1614979,0.0960744
sultanpur,26.305,83.079,2026-01-28 16:30:00 UTC,h00v00,452.0,2817.0,0.1615155,0.0966131
sultanpur,26.305,83.079,2026-01-28 19:30:00 UTC,h00v00,452.0,2817.0,0.1615101,0.0962219
sultanpur,26.305,83.079,2026-01-28 22:30:00 UTC,h00v00,452.0,2817.0,0.1615351,0.0960073
sultanpur,26.305,83.079,2026-01-29 01:30:00 UTC,h00v00,452.0,2817.0,0.1599022,0.0684704
sultanpur,26.305,83.079,2026-01-29 04:30:00 UTC,h00v00,452.0,2817.0,0.1598562,0.0695168
sultanpur,26.305,83.079,2026-01-29 07:30:00 UTC,h00v00,452.0,2817.0,0.1597168,0.0686733
sultanpur,26.305,83.079,2026-01-29 10:30:00 UTC,h00v00,452.0,2817.0,0.159538,0.0675713
sultanpur,26.305,83.079,2026-01-29 13:30:00 UTC,h00v00,452.0,2817.0,0.1594771,0.0680859
sultanpur,26.305,83.079,2026-01-29 16:30:00 UTC,h00v00,452.0,2817.0,0.1595104,0.0690268
sultanpur,26.305,83.079,2026-01-29 19:30:00 UTC,h00v00,452.0,2817.0,0.1595524,0.0709921
sultanpur,26.305,83.079,2026-01-29 22:30:00 UTC,h00v00,452.0,2817.0,0.1595815,0.0733045
sultanpur,26.305,83.079,2026-01-30 01:30:00 UTC,h00v00,452.0,2817.0,0.1596027,0.0753148
sultanpur,26.305,83.079,2026-01-30 04:30:00 UTC,h00v00,452.0,2817.0,0.159607,0.0759045
sultanpur,26.305,83.079,2026-01-30 07:30:00 UTC,h00v00,452.0,2817.0,0.1594025,0.0748374
sultanpur,26.305,83.079,2026-01-30 10:30:00 UTC,h00v00,452.0,2817.0,0.1592413,0.0739922
sultanpur,26.305,83.079,2026-01-30 13:30:00 UTC,h00v00,452.0,2817.0,0.1594037,0.0793465
sultanpur,26.305,83.079,2026-01-30 16:30:00 UTC,h00v00,452.0,2817.0,0.159454,0.0800513
sultanpur,26.305,83.079,2026-01-30 19:30:00 UTC,h00v00,452.0,2817.0,0.1594338,0.0811455
sultanpur,26.305,83.079,2026-01-30 22:30:00 UTC,h00v00,452.0,2817.0,0.1595064,0.0821862
sultanpur,26.305,83.079,2026-01-31 01:30:00 UTC,h00v00,452.0,2817.0,0.1595945,0.0846363
sultanpur,26.305,83.079,2026-01-31 04:30:00 UTC,h00v00,452.0,2817.0,0.1595968,0.0854194
sultanpur,26.305,83.079,2026-01-31 07:30:00 UTC,h00v00,452.0,2817.0,0.1594122,0.0839345
sultanpur,26.305,83.079,2026-01-31 10:30:00 UTC,h00v00,452.0,2817.0,0.1592484,0.0825176
sultanpur,26.305,83.079,2026-01-31 13:30:00 UTC,h00v00,452.0,2817.0,0.1592593,0.0829104
sultanpur,26.305,83.079,2026-01-31 16:30:00 UTC,h00v00,452.0,2817.0,0.159289,0.0833815
sultanpur,26.305,83.079,2026-01-31 19:30:00 UTC,h00v00,452.0,2817.0,0.1592637,0.0843612
sultanpur,26.305,83.079,2026-01-31 22:30:00 UTC,h00v00,452.0,2817.0,0.159357,0.0858591
sultanpur,26.305,83.079,2026-02-01 01:30:00 UTC,h00v00,452.0,2817.0,0.158667,0.072128
sultanpur,26.305,83.079,2026-02-01 04:30:00 UTC,h00v00,452.0,2817.0,0.1586669,0.0726335
sultanpur,26.305,83.079,2026-02-01 07:30:00 UTC,h00v00,452.0,2817.0,0.1584506,0.0715245
sultanpur,26.305,83.079,2026-02-01 10:30:00 UTC,h00v00,452.0,2817.0,0.1583312,0.0707932
sultanpur,26.305,83.079,2026-02-01 13:30:00 UTC,h00v00,452.0,2817.0,0.1588537,0.0807097
sultanpur,26.305,83.079,2026-02-01 16:30:00 UTC,h00v00,452.0,2817.0,0.1588405,0.0819475
sultanpur,26.305,83.079,2026-02-01 19:30:00 UTC,h00v00,452.0,2817.0,0.158877,0.0830729
sultanpur,26.305,83.079,2026-02-01 22:30:00 UTC,h00v00,452.0,2817.0,0.158872,0.0841851
sultanpur,26.305,83.079,2026-02-02 01:30:00 UTC,h00v00,452.0,2817.0,0.1589306,0.0847721
sultanpur,26.305,83.079,2026-02-02 04:30:00 UTC,h00v00,452.0,2817.0,0.158912,0.0852387
sultanpur,26.305,83.079,2026-02-02 07:30:00 UTC,h00v00,452.0,2817.0,0.15882,0.0848325
sultanpur,26.305,83.079,2026-02-02 10:30:00 UTC,h00v00,452.0,2817.0,0.1587316,0.0848806
sultanpur,26.305,83.079,2026-02-02 13:30:00 UTC,h00v00,452.0,2817.0,0.1588843,0.088242
sultanpur,26.305,83.079,2026-02-02 16:30:00 UTC,h00v00,452.0,2817.0,0.1588961,0.0887021
sultanpur,26.305,83.079,2026-02-02 19:30:00 UTC,h00v00,452.0,2817.0,0.1589128,0.0893844
sultanpur,26.305,83.079,2026-02-02 22:30:00 UTC,h00v00,452.0,2817.0,0.1589503,0.0903916
sultanpur,26.305,83.079,2026-02-03 01:30:00 UTC,h00v00,452.0,2817.0,0.1592908,0.0972879
sultanpur,26.305,83.079,2026-02-03 04:30:00 UTC,h00v00,452.0,2817.0,0.159303,0.097541
sultanpur,26.305,83.079,2026-02-03 07:30:00 UTC,h00v00,452.0,2817.0,0.1592574,0.0987335
sultanpur,26.305,83.079,2026-02-03 10:30:00 UTC,h00v00,452.0,2817.0,0.1600603,0.1166973
sultanpur,26.305,83.079,2026-02-03 13:30:00 UTC,h00v00,452.0,2817.0,0.1601002,0.1178399
sultanpur,26.305,83.079,2026-02-03 16:30:00 UTC,h00v00,452.0,2817.0,0.1601063,0.1179059
sultanpur,26.305,83.079,2026-02-03 19:30:00 UTC,h00v00,452.0,2817.0,0.1602135,0.1200781
sultanpur,26.305,83.079,2026-02-03 22:30:00 UTC,h00v00,452.0,2817.0,0.1606197,0.1264964
sultanpur,26.305,83.079,2026-02-04 01:30:00 UTC,h00v00,452.0,2817.0,0.1606472,0.1260843
sultanpur,26.305,83.079,2026-02-04 04:30:00 UTC,h00v00,452.0,2817.0,0.1605563,0.1245598
sultanpur,26.305,83.079,2026-02-04 07:30:00 UTC,h00v00,452.0,2817.0,0.1602564,0.1193869
sultanpur,26.305,83.079,2026-02-04 10:30:00 UTC,h00v00,452.0,2817.0,0.1598722,0.1147325
sultanpur,26.305,83.079,2026-02-04 13:30:00 UTC,h00v00,452.0,2817.0,0.1583445,0.0881363
sultanpur,26.305,83.079,2026-02-04 16:30:00 UTC,h00v00,452.0,2817.0,0.1583272,0.0886533
sultanpur,26.305,83.079,2026-02-04 19:30:00 UTC,h00v00,452.0,2817.0,0.1583372,0.0889244
sultanpur,26.305,83.079,2026-02-04 22:30:00 UTC,h00v00,452.0,2817.0,0.1583278,0.0893148
sultanpur,26.305,83.079,2026-02-05 01:30:00 UTC,h00v00,452.0,2817.0,0.1583464,0.089765
sultanpur,26.305,83.079,2026-02-05 04:30:00 UTC,h00v00,452.0,2817.0,0.1582966,0.090159
sultanpur,26.305,83.079,2026-02-05 07:30:00 UTC,h00v00,452.0,2817.0,0.1580509,0.0880939
sultanpur,26.305,83.079,2026-02-05 10:30:00 UTC,h00v00,452.0,2817.0,0.1578211,0.0857798
sultanpur,26.305,83.079,2026-02-05 13:30:00 UTC,h00v00,452.0,2817.0,0.1577863,0.0865955
sultanpur,26.305,83.079,2026-02-05 16:30:00 UTC,h00v00,452.0,2817.0,0.1578439,0.087683
sultanpur,26.305,83.079,2026-02-05 19:30:00 UTC,h00v00,452.0,2817.0,0.1578518,0.0889096
sultanpur,26.305,83.079,2026-02-05 22:30:00 UTC,h00v00,452.0,2817.0,0.1578285,0.0900341
sultanpur,26.305,83.079,2026-02-06 01:30:00 UTC,h00v00,452.0,2817.0,0.1575049,0.0830599
sultanpur,26.305,83.079,2026-02-06 04:30:00 UTC,h00v00,452.0,2817.0,0.157463,0.0831066
sultanpur,26.305,83.079,2026-02-06 07:30:00 UTC,h00v00,452.0,2817.0,0.1572222,0.0808695
sultanpur,26.305,83.079,2026-02-06 10:30:00 UTC,h00v00,452.0,2817.0,0.1569946,0.078755
sultanpur,26.305,83.079,2026-02-06 13:30:00 UTC,h00v00,452.0,2817.0,0.156944,0.0786417
sultanpur,26.305,83.079,2026-02-06 16:30:00 UTC,h00v00,452.0,2817.0,0.1569767,0.0791759
sultanpur,26.305,83.079,2026-02-06 19:30:00 UTC,h00v00,452.0,2817.0,0.1569405,0.079583
sultanpur,26.305,83.079,2026-02-06 22:30:00 UTC,h00v00,452.0,2817.0,0.1569562,0.0800417
sultanpur,26.305,83.079,2026-02-07 01:30:00 UTC,h00v00,452.0,2817.0,0.1569776,0.0804451
sultanpur,26.305,83.079,2026-02-07 04:30:00 UTC,h00v00,452.0,2817.0,0.1569683,0.080471
sultanpur,26.305,83.079,2026-02-07 07:30:00 UTC,h00v00,452.0,2817.0,0.1567705,0.0787663
sultanpur,26.305,83.079,2026-02-07 10:30:00 UTC,h00v00,452.0,2817.0,0.1565839,0.076836
sultanpur,26.305,83.079,2026-02-07 13:30:00 UTC,h00v00,452.0,2817.0,0.156336,0.0727986
sultanpur,26.305,83.079,2026-02-07 16:30:00 UTC,h00v00,452.0,2817.0,0.1563531,0.0734619
sultanpur,26.305,83.079,2026-02-07 19:30:00 UTC,h00v00,452.0,2817.0,0.1563725,0.0747163
sultanpur,26.305,83.079,2026-02-07 22:30:00 UTC,h00v00,452.0,2817.0,0.1563987,0.0762405
sultanpur,26.305,83.079,2026-02-08 01:30:00 UTC,h00v00,452.0,2817.0,0.1564333,0.0786507
sultanpur,26.305,83.079,2026-02-08 04:30:00 UTC,h00v00,452.0,2817.0,0.1564168,0.0793198
sultanpur,26.305,83.079,2026-02-08 07:30:00 UTC,h00v00,452.0,2817.0,0.1562169,0.0781902
sultanpur,26.305,83.079,2026-02-08 10:30:00 UTC,h00v00,452.0,2817.0,0.1559842,0.0764785
sultanpur,26.305,83.079,2026-02-08 13:30:00 UTC,h00v00,452.0,2817.0,0.1559695,0.0765068
sultanpur,26.305,83.079,2026-02-08 16:30:00 UTC,h00v00,452.0,2817.0,0.1559495,0.0771929
sultanpur,26.305,83.079,2026-02-08 19:30:00 UTC,h00v00,452.0,2817.0,0.155982,0.0781886
sultanpur,26.305,83.079,2026-02-08 22:30:00 UTC,h00v00,452.0,2817.0,0.1559983,0.0797193
sultanpur,26.305,83.079,2026-02-09 01:30:00 UTC,h00v00,452.0,2817.0,0.1559568,0.0782236
sultanpur,26.305,83.079,2026-02-09 04:30:00 UTC,h00v00,452.0,2817.0,0.1559202,0.0783443
sultanpur,26.305,83.079,2026-02-09 07:30:00 UTC,h00v00,452.0,2817.0,0.1556299,0.0755619
sultanpur,26.305,83.079,2026-02-09 10:30:00 UTC,h00v00,452.0,2817.0,0.155375,0.0731366
sultanpur,26.305,83.079,2026-02-09 13:30:00 UTC,h00v00,452.0,2817.0,0.1557127,0.0776676
sultanpur,26.305,83.079,2026-02-09 16:30:00 UTC,h00v00,452.0,2817.0,0.1557253,0.078181
sultanpur,26.305,83.079,2026-02-09 19:30:00 UTC,h00v00,452.0,2817.0,0.1557181,0.0788358
sultanpur,26.305,83.079,2026-02-09 22:30:00 UTC,h00v00,452.0,2817.0,0.1557209,0.0792601
sultanpur,26.305,83.079,2026-02-10 01:30:00 UTC,h00v00,452.0,2817.0,0.1557295,0.0796215
sultanpur,26.305,83.079,2026-02-10 04:30:00 UTC,h00v00,452.0,2817.0,0.1556686,0.0791314
sultanpur,26.305,83.079,2026-02-10 07:30:00 UTC,h00v00,452.0,2817.0,0.1554039,0.0762914
sultanpur,26.305,83.079,2026-02-10 10:30:00 UTC,h00v00,452.0,2817.0,0.1551581,0.0739892
sultanpur,26.305,83.079,2026-02-10 13:30:00 UTC,h00v00,452.0,2817.0,0.1549974,0.0704408
sultanpur,26.305,83.079,2026-02-10 16:30:00 UTC,h00v00,452.0,2817.0,0.1549681,0.0710433
sultanpur,26.305,83.079,2026-02-10 19:30:00 UTC,h00v00,452.0,2817.0,0.1550166,0.0718871
sultanpur,26.305,83.079,2026-02-10 22:30:00 UTC,h00v00,452.0,2817.0,0.1550397,0.0733503
sultanpur,26.305,83.079,2026-02-11 01:30:00 UTC,h00v00,452.0,2817.0,0.1551533,0.0765537
sultanpur,26.305,83.079,2026-02-11 04:30:00 UTC,h00v00,452.0,2817.0,0.1551196,0.0766397
sultanpur,26.305,83.079,2026-02-11 07:30:00 UTC,h00v00,452.0,2817.0,0.1548409,0.0744315
sultanpur,26.305,83.079,2026-02-11 10:30:00 UTC,h00v00,452.0,2817.0,0.1546171,0.072331
sultanpur,26.305,83.079,2026-02-11 13:30:00 UTC,h00v00,452.0,2817.0,0.1545732,0.0727636
sultanpur,26.305,83.079,2026-02-11 16:30:00 UTC,h00v00,452.0,2817.0,0.154598,0.073525
sultanpur,26.305,83.079,2026-02-11 19:30:00 UTC,h00v00,452.0,2817.0,0.1546323,0.0741189
sultanpur,26.305,83.079,2026-02-11 22:30:00 UTC,h00v00,452.0,2817.0,0.1546284,0.0750094
sultanpur,26.305,83.079,2026-02-12 01:30:00 UTC,h00v00,452.0,2817.0,0.1546543,0.0761086
sultanpur,26.305,83.079,2026-02-12 04:30:00 UTC,h00v00,452.0,2817.0,0.1546555,0.076995
sultanpur,26.305,83.079,2026-02-12 07:30:00 UTC,h00v00,452.0,2817.0,0.1543685,0.0750984
sultanpur,26.305,83.079,2026-02-12 10:30:00 UTC,h00v00,452.0,2817.0,0.1541365,0.0725758
sultanpur,26.305,83.079,2026-02-12 13:30:00 UTC,h00v00,452.0,2817.0,0.1543427,0.0769835
sultanpur,26.305,83.079,2026-02-12 16:30:00 UTC,h00v00,452.0,2817.0,0.1543715,0.0773609
sultanpur,26.305,83.079,2026-02-12 19:30:00 UTC,h00v00,452.0,2817.0,0.1543472,0.0777623
sultanpur,26.305,83.079,2026-02-12 22:30:00 UTC,h00v00,452.0,2817.0,0.1543657,0.0781937
sultanpur,26.305,83.079,2026-02-13 01:30:00 UTC,h00v00,452.0,2817.0,0.1543907,0.0789864
sultanpur,26.305,83.079,2026-02-13 04:30:00 UTC,h00v00,452.0,2817.0,0.1542987,0.0789707
sultanpur,26.305,83.079,2026-02-13 07:30:00 UTC,h00v00,452.0,2817.0,0.1540684,0.0760823
sultanpur,26.305,83.079,2026-02-13 10:30:00 UTC,h00v00,452.0,2817.0,0.1537833,0.0733486
sultanpur,26.305,83.079,2026-02-13 13:30:00 UTC,h00v00,452.0,2817.0,0.1536999,0.0729266
sultanpur,26.305,83.079,2026-02-13 16:30:00 UTC,h00v00,452.0,2817.0,0.1537405,0.0732514
sultanpur,26.305,83.079,2026-02-13 19:30:00 UTC,h00v00,452.0,2817.0,0.1537168,0.0734981
sultanpur,26.305,83.079,2026-02-13 22:30:00 UTC,h00v00,452.0,2817.0,0.1537576,0.0743269
sultanpur,26.305,83.079,2026-02-14 01:30:00 UTC,h00v00,452.0,2817.0,0.1539124,0.0774942
sultanpur,26.305,83.079,2026-02-14 04:30:00 UTC,h00v00,452.0,2817.0,0.1538891,0.0776192
sultanpur,26.305,83.079,2026-02-14 07:30:00 UTC,h00v00,452.0,2817.0,0.1536187,0.075312
sultanpur,26.305,83.079,2026-02-14 10:30:00 UTC,h00v00,452.0,2817.0,0.1533994,0.0733021
sultanpur,26.305,83.079,2026-02-14 13:30:00 UTC,h00v00,452.0,2817.0,0.1533519,0.0738991
sultanpur,26.305,83.079,2026-02-14 16:30:00 UTC,h00v00,452.0,2817.0,0.1533917,0.0744638
sultanpur,26.305,83.079,2026-02-14 19:30:00 UTC,h00v00,452.0,2817.0,0.1533509,0.0747147
sultanpur,26.305,83.079,2026-02-14 22:30:00 UTC,h00v00,452.0,2817.0,0.153371,0.0749549
sultanpur,26.305,83.079,2026-02-15 01:30:00 UTC,h00v00,452.0,2817.0,0.1533916,0.0759004
sultanpur,26.305,83.079,2026-02-15 04:30:00 UTC,h00v00,452.0,2817.0,0.1533608,0.0761039
sultanpur,26.305,83.079,2026-02-15 07:30:00 UTC,h00v00,452.0,2817.0,0.1531442,0.0739694
sultanpur,26.305,83.079,2026-02-15 10:30:00 UTC,h00v00,452.0,2817.0,0.1529189,0.0720456
sultanpur,26.305,83.079,2026-02-15 13:30:00 UTC,h00v00,452.0,2817.0,0.152889,0.0715622
sultanpur,26.305,83.079,2026-02-15 16:30:00 UTC,h00v00,452.0,2817.0,0.1528591,0.0719309
sultanpur,26.305,83.079,2026-02-15 19:30:00 UTC,h00v00,452.0,2817.0,0.1528676,0.0726293
sultanpur,26.305,83.079,2026-02-15 22:30:00 UTC,h00v00,452.0,2817.0,0.1529044,0.0735047
sultanpur,26.305,83.079,2026-02-16 01:30:00 UTC,h00v00,452.0,2817.0,0.1529974,0.0756199
sultanpur,26.305,83.079,2026-02-16 04:30:00 UTC,h00v00,452.0,2817.0,0.152915,0.0757069
sultanpur,26.305,83.079,2026-02-16 07:30:00 UTC,h00v00,452.0,2817.0,0.1527204,0.0730062
sultanpur,26.305,83.079,2026-02-16 10:30:00 UTC,h00v00,452.0,2817.0,0.1524303,0.0701472
sultanpur,26.305,83.079,2026-02-16 13:30:00 UTC,h00v00,452.0,2817.0,0.1524234,0.0708923
sultanpur,26.305,83.079,2026-02-16 16:30:00 UTC,h00v00,452.0,2817.0,0.1524637,0.0721313
sultanpur,26.305,83.079,2026-02-16 19:30:00 UTC,h00v00,452.0,2817.0,0.1524829,0.0733226
sultanpur,26.305,83.079,2026-02-16 22:30:00 UTC,h00v00,452.0,2817.0,0.1525214,0.0740222
sultanpur,26.305,83.079,2026-02-17 01:30:00 UTC,h00v00,452.0,2817.0,0.1519418,0.0637232
sultanpur,26.305,83.079,2026-02-17 04:30:00 UTC,h00v00,452.0,2817.0,0.1518735,0.0645202
sultanpur,26.305,83.079,2026-02-17 07:30:00 UTC,h00v00,452.0,2817.0,0.151736,0.0636202
sultanpur,26.305,83.079,2026-02-17 10:30:00 UTC,h00v00,452.0,2817.0,0.1515417,0.0629531
sultanpur,26.305,83.079,2026-02-17 13:30:00 UTC,h00v00,452.0,2817.0,0.1516708,0.0657281
sultanpur,26.305,83.079,2026-02-17 16:30:00 UTC,h00v00,452.0,2817.0,0.1516385,0.066483
sultanpur,26.305,83.079,2026-02-17 19:30:00 UTC,h00v00,452.0,2817.0,0.1516915,0.0674595
sultanpur,26.305,83.079,2026-02-17 22:30:00 UTC,h00v00,452.0,2817.0,0.1517227,0.0684403
sultanpur,26.305,83.079,2026-02-18 01:30:00 UTC,h00v00,452.0,2817.0,0.15175,0.0695455
sultanpur,26.305,83.079,2026-02-18 04:30:00 UTC,h00v00,452.0,2817.0,0.1517138,0.070511
sultanpur,26.305,83.079,2026-02-18 07:30:00 UTC,h00v00,452.0,2817.0,0.1514957,0.0689598
sultanpur,26.305,83.079,2026-02-18 10:30:00 UTC,h00v00,452.0,2817.0,0.1513381,0.067602
sultanpur,26.305,83.079,2026-02-18 13:30:00 UTC,h00v00,452.0,2817.0,0.1511682,0.066926
sultanpur,26.305,83.079,2026-02-18 16:30:00 UTC,h00v00,452.0,2817.0,0.1511927,0.0677312
sultanpur,26.305,83.079,2026-02-18 19:30:00 UTC,h00v00,452.0,2817.0,0.1512285,0.0680803
sultanpur,26.305,83.079,2026-02-18 22:30:00 UTC,h00v00,452.0,2817.0,0.1511873,0.0685394
sultanpur,26.305,83.079,2026-02-19 01:30:00 UTC,h00v00,452.0,2817.0,0.1510435,0.0653656
sultanpur,26.305,83.079,2026-02-19 04:30:00 UTC,h00v00,452.0,2817.0,0.1510082,0.0654236
sultanpur,26.305,83.079,2026-02-19 07:30:00 UTC,h00v00,452.0,2817.0,0.1507981,0.0636891
sultanpur,26.305,83.079,2026-02-19 10:30:00 UTC,h00v00,452.0,2817.0,0.1505897,0.0618099
sultanpur,26.305,83.079,2026-02-19 13:30:00 UTC,h00v00,452.0,2817.0,0.1505848,0.0617696
sultanpur,26.305,83.079,2026-02-19 16:30:00 UTC,h00v00,452.0,2817.0,0.150566,0.0624146
sultanpur,26.305,83.079,2026-02-19 19:30:00 UTC,h00v00,452.0,2817.0,0.1505719,0.0632446
sultanpur,26.305,83.079,2026-02-19 22:30:00 UTC,h00v00,452.0,2817.0,0.1505642,0.0639996
sultanpur,26.305,83.079,2026-02-20 01:30:00 UTC,h00v00,452.0,2817.0,0.1506083,0.0650452
sultanpur,26.305,83.079,2026-02-20 04:30:00 UTC,h00v00,452.0,2817.0,0.1505806,0.0652
sultanpur,26.305,83.079,2026-02-20 07:30:00 UTC,h00v00,452.0,2817.0,0.150353,0.0636034
sultanpur,26.305,83.079,2026-02-20 10:30:00 UTC,h00v00,452.0,2817.0,0.1501368,0.0622142
sultanpur,26.305,83.079,2026-02-20 13:30:00 UTC,h00v00,452.0,2817.0,0.1502575,0.0661915
sultanpur,26.305,83.079,2026-02-20 16:30:00 UTC,h00v00,452.0,2817.0,0.1502877,0.0673301
sultanpur,26.305,83.079,2026-02-20 19:30:00 UTC,h00v00,452.0,2817.0,0.1503421,0.0681065
sultanpur,26.305,83.079,2026-02-20 22:30:00 UTC,h00v00,452.0,2817.0,0.1503723,0.0685362
sultanpur,26.305,83.079,2026-02-21 01:30:00 UTC,h00v00,452.0,2817.0,0.1503887,0.0691895
sultanpur,26.305,83.079,2026-02-21 04:30:00 UTC,h00v00,452.0,2817.0,0.1503575,0.069109
sultanpur,26.305,83.079,2026-02-21 07:30:00 UTC,h00v00,452.0,2817.0,0.1500646,0.0666717
sultanpur,26.305,83.079,2026-02-21 10:30:00 UTC,h00v00,452.0,2817.0,0.1498426,0.0644848
sultanpur,26.305,83.079,2026-02-21 13:30:00 UTC,h00v00,452.0,2817.0,0.1497879,0.0639432
sultanpur,26.305,83.079,2026-02-21 16:30:00 UTC,h00v00,452.0,2817.0,0.1498032,0.0641462
sultanpur,26.305,83.079,2026-02-21 19:30:00 UTC,h00v00,452.0,2817.0,0.1498509,0.0644493
sultanpur,26.305,83.079,2026-02-21 22:30:00 UTC,h00v00,452.0,2817.0,0.1498875,0.064897
sultanpur,26.305,83.079,2026-02-22 01:30:00 UTC,h00v00,452.0,2817.0,0.149678,0.060705
sultanpur,26.305,83.079,2026-02-22 04:30:00 UTC,h00v00,452.0,2817.0,0.1496531,0.0609412
sultanpur,26.305,83.079,2026-02-22 07:30:00 UTC,h00v00,452.0,2817.0,0.1494535,0.0600831
sultanpur,26.305,83.079,2026-02-22 10:30:00 UTC,h00v00,452.0,2817.0,0.1492872,0.0601337
sultanpur,26.305,83.079,2026-02-22 13:30:00 UTC,h00v00,452.0,2817.0,0.1492602,0.0616799
sultanpur,26.305,83.079,2026-02-22 16:30:00 UTC,h00v00,452.0,2817.0,0.149277,0.0635386
sultanpur,26.305,83.079,2026-02-22 19:30:00 UTC,h00v00,452.0,2817.0,0.1493378,0.0648215
sultanpur,26.305,83.079,2026-02-22 22:30:00 UTC,h00v00,452.0,2817.0,0.1493686,0.0658276
sultanpur,26.305,83.079,2026-02-23 01:30:00 UTC,h00v00,452.0,2817.0,0.1494024,0.0671081
sultanpur,26.305,83.079,2026-02-23 04:30:00 UTC,h00v00,452.0,2817.0,0.1493679,0.0676262
sultanpur,26.305,83.079,2026-02-23 07:30:00 UTC,h00v00,452.0,2817.0,0.1491406,0.0650701
sultanpur,26.305,83.079,2026-02-23 10:30:00 UTC,h00v00,452.0,2817.0,0.148881,0.062776
sultanpur,26.305,83.079,2026-02-23 13:30:00 UTC,h00v00,452.0,2817.0,0.1490319,0.0654124
sultanpur,26.305,83.079,2026-02-23 16:30:00 UTC,h00v00,452.0,2817.0,0.1490199,0.0661575
sultanpur,26.305,83.079,2026-02-23 19:30:00 UTC,h00v00,452.0,2817.0,0.149018,0.0668384
sultanpur,26.305,83.079,2026-02-23 22:30:00 UTC,h00v00,452.0,2817.0,0.149096,0.0675458
sultanpur,26.305,83.079,2026-02-24 01:30:00 UTC,h00v00,452.0,2817.0,0.1491162,0.0694842
sultanpur,26.305,83.079,2026-02-24 04:30:00 UTC,h00v00,452.0,2817.0,0.1491269,0.0697447
sultanpur,26.305,83.079,2026-02-24 07:30:00 UTC,h00v00,452.0,2817.0,0.1488607,0.0678576
sultanpur,26.305,83.079,2026-02-24 10:30:00 UTC,h00v00,452.0,2817.0,0.148714,0.065538
sultanpur,26.305,83.079,2026-02-24 13:30:00 UTC,h00v00,452.0,2817.0,0.1486502,0.0653614
sultanpur,26.305,83.079,2026-02-24 16:30:00 UTC,h00v00,452.0,2817.0,0.1487382,0.0661926
sultanpur,26.305,83.079,2026-02-24 19:30:00 UTC,h00v00,452.0,2817.0,0.1488053,0.0673734
sultanpur,26.305,83.079,2026-02-24 22:30:00 UTC,h00v00,452.0,2817.0,0.1488312,0.0681827
sultanpur,26.305,83.079,2026-02-25 01:30:00 UTC,h00v00,452.0,2817.0,0.1481337,0.0549283
sultanpur,26.305,83.079,2026-02-25 04:30:00 UTC,h00v00,452.0,2817.0,0.1481583,0.0551684
sultanpur,26.305,83.079,2026-02-25 07:30:00 UTC,h00v00,452.0,2817.0,0.1479545,0.0538912
sultanpur,26.305,83.079,2026-02-25 10:30:00 UTC,h00v00,452.0,2817.0,0.1477824,0.0528964
sultanpur,26.305,83.079,2026-02-25 13:30:00 UTC,h00v00,452.0,2817.0,0.1476827,0.0531113
sultanpur,26.305,83.079,2026-02-25 16:30:00 UTC,h00v00,452.0,2817.0,0.1476534,0.0537361
sultanpur,26.305,83.079,2026-02-25 19:30:00 UTC,h00v00,452.0,2817.0,0.1476959,0.0543973
sultanpur,26.305,83.079,2026-02-25 22:30:00 UTC,h00v00,452.0,2817.0,0.1477275,0.0556287
sultanpur,26.305,83.079,2026-02-26 01:30:00 UTC,h00v00,452.0,2817.0,0.1477906,0.0570168
sultanpur,26.305,83.079,2026-02-26 04:30:00 UTC,h00v00,452.0,2817.0,0.1477773,0.0575469
sultanpur,26.305,83.079,2026-02-26 07:30:00 UTC,h00v00,452.0,2817.0,0.147578,0.0561544
sultanpur,26.305,83.079,2026-02-26 10:30:00 UTC,h00v00,452.0,2817.0,0.1473767,0.0547564
sultanpur,26.305,83.079,2026-02-26 13:30:00 UTC,h00v00,452.0,2817.0,0.147244,0.0525252
sultanpur,26.305,83.079,2026-02-26 16:30:00 UTC,h00v00,452.0,2817.0,0.1472882,0.0536869
sultanpur,26.305,83.079,2026-02-26 19:30:00 UTC,h00v00,452.0,2817.0,0.1473751,0.0548691
sultanpur,26.305,83.079,2026-02-26 22:30:00 UTC,h00v00,452.0,2817.0,0.1474119,0.0559654
sultanpur,26.305,83.079,2026-02-27 01:30:00 UTC,h00v00,452.0,2817.0,0.1473812,0.0550724
sultanpur,26.305,83.079,2026-02-27 04:30:00 UTC,h00v00,452.0,2817.0,0.1473564,0.0554341
sultanpur,26.305,83.079,2026-02-27 07:30:00 UTC,h00v00,452.0,2817.0,0.1471806,0.0541646
sultanpur,26.305,83.079,2026-02-27 10:30:00 UTC,h00v00,452.0,2817.0,0.1469996,0.0529899
sultanpur,26.305,83.079,2026-02-27 13:30:00 UTC,h00v00,452.0,2817.0,0.1469679,0.0535149
sultanpur,26.305,83.079,2026-02-27 16:30:00 UTC,h00v00,452.0,2817.0,0.1469738,0.0553893
sultanpur,26.305,83.079,2026-02-27 19:30:00 UTC,h00v00,452.0,2817.0,0.1470089,0.0568646
sultanpur,26.305,83.079,2026-02-27 22:30:00 UTC,h00v00,452.0,2817.0,0.1470948,0.0585233
sultanpur,26.305,83.079,2026-02-28 01:30:00 UTC,h00v00,452.0,2817.0,0.1471144,0.0598102
sultanpur,26.305,83.079,2026-02-28 04:30:00 UTC,h00v00,452.0,2817.0,0.1470632,0.0605954
sultanpur,26.305,83.079,2026-02-28 07:30:00 UTC,h00v00,452.0,2817.0,0.1468876,0.0590036
sultanpur,26.305,83.079,2026-02-28 10:30:00 UTC,h00v00,452.0,2817.0,0.1466484,0.0577194
sultanpur,26.305,83.079,2026-02-28 13:30:00 UTC,h00v00,452.0,2817.0,0.1462988,0.051356
sultanpur,26.305,83.079,2026-02-28 16:30:00 UTC,h00v00,452.0,2817.0,0.1462927,0.0524375
sultanpur,26.305,83.079,2026-02-28 19:30:00 UTC,h00v00,452.0,2817.0,0.1463179,0.0537799
sultanpur,26.305,83.079,2026-02-28 22:30:00 UTC,h00v00,452.0,2817.0,0.1463369,0.0554418
sultanpur,26.305,83.079,2026-03-01 01:30:00 UTC,h00v00,452.0,2817.0,0.1463789,0.0568238
sultanpur,26.305,83.079,2026-03-01 04:30:00 UTC,h00v00,452.0,2817.0,0.1463497,0.0573548
sultanpur,26.305,83.079,2026-03-01 07:30:00 UTC,h00v00,452.0,2817.0,0.1461257,0.0561562
sultanpur,26.305,83.079,2026-03-01 10:30:00 UTC,h00v00,452.0,2817.0,0.1459719,0.0548381
sultanpur,26.305,83.079,2026-03-01 13:30:00 UTC,h00v00,452.0,2817.0,0.1459332,0.0556309
sultanpur,26.305,83.079,2026-03-01 16:30:00 UTC,h00v00,452.0,2817.0,0.1459134,0.0573479
sultanpur,26.305,83.079,2026-03-01 19:30:00 UTC,h00v00,452.0,2817.0,0.1459467,0.0591887
sultanpur,26.305,83.079,2026-03-01 22:30:00 UTC,h00v00,452.0,2817.0,0.1459761,0.0604458
sultanpur,26.305,83.079,2026-03-02 01:30:00 UTC,h00v00,452.0,2817.0,0.1455132,0.0508712
sultanpur,26.305,83.079,2026-03-02 04:30:00 UTC,h00v00,452.0,2817.0,0.1454182,0.0505654
sultanpur,26.305,83.079,2026-03-02 07:30:00 UTC,h00v00,452.0,2817.0,0.1452084,0.0486998
sultanpur,26.305,83.079,2026-03-02 10:30:00 UTC,h00v00,452.0,2817.0,0.1450521,0.0465554
sultanpur,26.305,83.079,2026-03-02 13:30:00 UTC,h00v00,452.0,2817.0,0.1449559,0.0460645
sultanpur,26.305,83.079,2026-03-02 16:30:00 UTC,h00v00,452.0,2817.0,0.1449409,0.0468119
sultanpur,26.305,83.079,2026-03-02 19:30:00 UTC,h00v00,452.0,2817.0,0.1449904,0.0488972
sultanpur,26.305,83.079,2026-03-02 22:30:00 UTC,h00v00,452.0,2817.0,0.1450712,0.0510795
sultanpur,26.305,83.079,2026-03-03 01:30:00 UTC,h00v00,452.0,2817.0,0.1451136,0.0533213
sultanpur,26.305,83.079,2026-03-03 04:30:00 UTC,h00v00,452.0,2817.0,0.1450797,0.0544602
sultanpur,26.305,83.079,2026-03-03 07:30:00 UTC,h00v00,452.0,2817.0,0.1448875,0.0532744
sultanpur,26.305,83.079,2026-03-03 10:30:00 UTC,h00v00,452.0,2817.0,0.144689,0.0522218
sultanpur,26.305,83.079,2026-03-03 13:30:00 UTC,h00v00,452.0,2817.0,0.1444915,0.0477509
sultanpur,26.305,83.079,2026-03-03 16:30:00 UTC,h00v00,452.0,2817.0,0.1445108,0.0484567
sultanpur,26.305,83.079,2026-03-03 19:30:00 UTC,h00v00,452.0,2817.0,0.1445124,0.0492937
sultanpur,26.305,83.079,2026-03-03 22:30:00 UTC,h00v00,452.0,2817.0,0.1445402,0.0507313
sultanpur,26.305,83.079,2026-03-04 01:30:00 UTC,h00v00,452.0,2817.0,0.144512,0.052045
sultanpur,26.305,83.079,2026-03-04 04:30:00 UTC,h00v00,452.0,2817.0,0.1445367,0.0533607
sultanpur,26.305,83.079,2026-03-04 07:30:00 UTC,h00v00,452.0,2817.0,0.1444159,0.0532255
sultanpur,26.305,83.079,2026-03-04 10:30:00 UTC,h00v00,452.0,2817.0,0.1442509,0.0524387
sultanpur,26.305,83.079,2026-03-04 13:30:00 UTC,h00v00,452.0,2817.0,0.1442812,0.0528866
sultanpur,26.305,83.079,2026-03-04 16:30:00 UTC,h00v00,452.0,2817.0,0.1442727,0.0540817
sultanpur,26.305,83.079,2026-03-04 19:30:00 UTC,h00v00,452.0,2817.0,0.1443162,0.0551943
sultanpur,26.305,83.079,2026-03-04 22:30:00 UTC,h00v00,452.0,2817.0,0.1443397,0.0557444
sultanpur,26.305,83.079,2026-03-05 01:30:00 UTC,h00v00,452.0,2817.0,0.1436345,0.0430877
sultanpur,26.305,83.079,2026-03-05 04:30:00 UTC,h00v00,452.0,2817.0,0.1436263,0.0439199
sultanpur,26.305,83.079,2026-03-05 07:30:00 UTC,h00v00,452.0,2817.0,0.1435118,0.0439245
sultanpur,26.305,83.079,2026-03-05 10:30:00 UTC,h00v00,452.0,2817.0,0.1433592,0.0435526
sultanpur,26.305,83.079,2026-03-05 13:30:00 UTC,h00v00,452.0,2817.0,0.143561,0.046259
sultanpur,26.305,83.079,2026-03-05 16:30:00 UTC,h00v00,452.0,2817.0,0.1435591,0.0471093
sultanpur,26.305,83.079,2026-03-05 19:30:00 UTC,h00v00,452.0,2817.0,0.1435602,0.048554
sultanpur,26.305,83.079,2026-03-05 22:30:00 UTC,h00v00,452.0,2817.0,0.1436539,0.0505301
sultanpur,26.305,83.079,2026-03-06 01:30:00 UTC,h00v00,452.0,2817.0,0.1436361,0.0520355
sultanpur,26.305,83.079,2026-03-06 04:30:00 UTC,h00v00,452.0,2817.0,0.1436032,0.0527685
sultanpur,26.305,83.079,2026-03-06 07:30:00 UTC,h00v00,452.0,2817.0,0.1434447,0.0522507
sultanpur,26.305,83.079,2026-03-06 10:30:00 UTC,h00v00,452.0,2817.0,0.1432811,0.0512114
sultanpur,26.305,83.079,2026-03-06 13:30:00 UTC,h00v00,452.0,2817.0,0.1428211,0.0441394
sultanpur,26.305,83.079,2026-03-06 16:30:00 UTC,h00v00,452.0,2817.0,0.1428416,0.0453537
sultanpur,26.305,83.079,2026-03-06 19:30:00 UTC,h00v00,452.0,2817.0,0.1428532,0.0462599
sultanpur,26.305,83.079,2026-03-06 22:30:00 UTC,h00v00,452.0,2817.0,0.1428752,0.0470894
sultanpur,26.305,83.079,2026-03-07 01:30:00 UTC,h00v00,452.0,2817.0,0.1427282,0.0448163
sultanpur,26.305,83.079,2026-03-07 04:30:00 UTC,h00v00,452.0,2817.0,0.1427109,0.0454397
sultanpur,26.305,83.079,2026-03-07 07:30:00 UTC,h00v00,452.0,2817.0,0.142579,0.0449777
sultanpur,26.305,83.079,2026-03-07 10:30:00 UTC,h00v00,452.0,2817.0,0.1424412,0.0445547
sultanpur,26.305,83.079,2026-03-07 13:30:00 UTC,h00v00,452.0,2817.0,0.1424632,0.0451366
sultanpur,26.305,83.079,2026-03-07 16:30:00 UTC,h00v00,452.0,2817.0,0.1424383,0.0464288
sultanpur,26.305,83.079,2026-03-07 19:30:00 UTC,h00v00,452.0,2817.0,0.1424881,0.0482975
sultanpur,26.305,83.079,2026-03-07 22:30:00 UTC,h00v00,452.0,2817.0,0.1425636,0.0497761
sultanpur,26.305,83.079,2026-03-08 01:30:00 UTC,h00v00,452.0,2817.0,0.1425797,0.050725
sultanpur,26.305,83.079,2026-03-08 04:30:00 UTC,h00v00,452.0,2817.0,0.1425463,0.0511062
sultanpur,26.305,83.079,2026-03-08 07:30:00 UTC,h00v00,452.0,2817.0,0.1423917,0.0512441
sultanpur,26.305,83.079,2026-03-08 10:30:00 UTC,h00v00,452.0,2817.0,0.1422877,0.0517167
sultanpur,26.305,83.079,2026-03-08 13:30:00 UTC,h00v00,452.0,2817.0,0.1424644,0.0552634
sultanpur,26.305,83.079,2026-03-08 16:30:00 UTC,h00v00,452.0,2817.0,0.1424674,0.0564784
sultanpur,26.305,83.079,2026-03-08 19:30:00 UTC,h00v00,452.0,2817.0,0.1425219,0.0580195
sultanpur,26.305,83.079,2026-03-08 22:30:00 UTC,h00v00,452.0,2817.0,0.1425476,0.0592809
sultanpur,26.305,83.079,2026-03-09 01:30:00 UTC,h00v00,452.0,2817.0,0.1425853,0.0607226
sultanpur,26.305,83.079,2026-03-09 04:30:00 UTC,h00v00,452.0,2817.0,0.1426202,0.0615504
sultanpur,26.305,83.079,2026-03-09 07:30:00 UTC,h00v00,452.0,2817.0,0.1424645,0.0609507
sultanpur,26.305,83.079,2026-03-09 10:30:00 UTC,h00v00,452.0,2817.0,0.1423308,0.0608226
sultanpur,26.305,83.079,2026-03-09 13:30:00 UTC,h00v00,452.0,2817.0,0.1423553,0.0622389
sultanpur,26.305,83.079,2026-03-09 16:30:00 UTC,h00v00,452.0,2817.0,0.1423589,0.0639831
sultanpur,26.305,83.079,2026-03-09 19:30:00 UTC,h00v00,452.0,2817.0,0.1423648,0.0652721
sultanpur,26.305,83.079,2026-03-09 22:30:00 UTC,h00v00,452.0,2817.0,0.1423873,0.0666981
sultanpur,26.305,83.079,2026-03-10 01:30:00 UTC,h00v00,452.0,2817.0,0.1412484,0.0433958
sultanpur,26.305,83.079,2026-03-10 04:30:00 UTC,h00v00,452.0,2817.0,0.1412667,0.0438097
sultanpur,26.305,83.079,2026-03-10 07:30:00 UTC,h00v00,452.0,2817.0,0.1411319,0.0440109
sultanpur,26.305,83.079,2026-03-10 10:30:00 UTC,h00v00,452.0,2817.0,0.1410437,0.0440551
sultanpur,26.305,83.079,2026-03-10 13:30:00 UTC,h00v00,452.0,2817.0,0.1410458,0.0449141
sultanpur,26.305,83.079,2026-03-10 16:30:00 UTC,h00v00,452.0,2817.0,0.1410968,0.0459515
sultanpur,26.305,83.079,2026-03-10 19:30:00 UTC,h00v00,452.0,2817.0,0.1410869,0.046966
sultanpur,26.305,83.079,2026-03-10 22:30:00 UTC,h00v00,452.0,2817.0,0.1411619,0.0484005
sultanpur,26.305,83.079,2026-03-11 01:30:00 UTC,h00v00,452.0,2817.0,0.1411836,0.0502897
sultanpur,26.305,83.079,2026-03-11 04:30:00 UTC,h00v00,452.0,2817.0,0.1411673,0.0515174
sultanpur,26.305,83.079,2026-03-11 07:30:00 UTC,h00v00,452.0,2817.0,0.1411023,0.0507679
sultanpur,26.305,83.079,2026-03-11 10:30:00 UTC,h00v00,452.0,2817.0,0.1409575,0.0502622
sultanpur,26.305,83.079,2026-03-11 13:30:00 UTC,h00v00,452.0,2817.0,0.141054,0.0528782
sultanpur,26.305,83.079,2026-03-11 16:30:00 UTC,h00v00,452.0,2817.0,0.1410581,0.0532741
sultanpur,26.305,83.079,2026-03-11 19:30:00 UTC,h00v00,452.0,2817.0,0.1411066,0.0537457
sultanpur,26.305,83.079,2026-03-11 22:30:00 UTC,h00v00,452.0,2817.0,0.1410753,0.0544392
sultanpur,26.305,83.079,2026-03-12 01:30:00 UTC,h00v00,452.0,2817.0,0.1411783,0.0566284
sultanpur,26.305,83.079,2026-03-12 04:30:00 UTC,h00v00,452.0,2817.0,0.1411038,0.0567577
sultanpur,26.305,83.079,2026-03-12 07:30:00 UTC,h00v00,452.0,2817.0,0.1409832,0.0550977
sultanpur,26.305,83.079,2026-03-12 10:30:00 UTC,h00v00,452.0,2817.0,0.1408243,0.053618
sultanpur,26.305,83.079,2026-03-12 13:30:00 UTC,h00v00,452.0,2817.0,0.140782,0.0538681
sultanpur,26.305,83.079,2026-03-12 16:30:00 UTC,h00v00,452.0,2817.0,0.140729,0.0538747
sultanpur,26.305,83.079,2026-03-12 19:30:00 UTC,h00v00,452.0,2817.0,0.1407366,0.0541228
sultanpur,26.305,83.079,2026-03-12 22:30:00 UTC,h00v00,452.0,2817.0,0.1407601,0.0550013
sultanpur,26.305,83.079,2026-03-13 01:30:00 UTC,h00v00,452.0,2817.0,0.1402353,0.0429026
sultanpur,26.305,83.079,2026-03-13 04:30:00 UTC,h00v00,452.0,2817.0,0.1401944,0.0433021
sultanpur,26.305,83.079,2026-03-13 07:30:00 UTC,h00v00,452.0,2817.0,0.140051,0.0427565
sultanpur,26.305,83.079,2026-03-13 10:30:00 UTC,h00v00,452.0,2817.0,0.1399318,0.0415996
sultanpur,26.305,83.079,2026-03-13 13:30:00 UTC,h00v00,452.0,2817.0,0.1400268,0.0444859
sultanpur,26.305,83.079,2026-03-13 16:30:00 UTC,h00v00,452.0,2817.0,0.1400266,0.0448269
sultanpur,26.305,83.079,2026-03-13 19:30:00 UTC,h00v00,452.0,2817.0,0.1399875,0.0452637
sultanpur,26.305,83.079,2026-03-13 22:30:00 UTC,h00v00,452.0,2817.0,0.1400256,0.0460961
sultanpur,26.305,83.079,2026-03-14 01:30:00 UTC,h00v00,452.0,2817.0,0.14006,0.0472123
sultanpur,26.305,83.079,2026-03-14 04:30:00 UTC,h00v00,452.0,2817.0,0.1400239,0.0476568
sultanpur,26.305,83.079,2026-03-14 07:30:00 UTC,h00v00,452.0,2817.0,0.1398651,0.0461127
sultanpur,26.305,83.079,2026-03-14 10:30:00 UTC,h00v00,452.0,2817.0,0.1398131,0.0446659
sultanpur,26.305,83.079,2026-03-14 13:30:00 UTC,h00v00,452.0,2817.0,0.1395985,0.0408784
sultanpur,26.305,83.079,2026-03-14 16:30:00 UTC,h00v00,452.0,2817.0,0.1396855,0.0425388
sultanpur,26.305,83.079,2026-03-14 19:30:00 UTC,h00v00,452.0,2817.0,0.1397033,0.0447793
sultanpur,26.305,83.079,2026-03-14 22:30:00 UTC,h00v00,452.0,2817.0,0.1397748,0.0469541
sultanpur,26.305,83.079,2026-03-15 01:30:00 UTC,h00v00,452.0,2817.0,0.1397935,0.0473056
sultanpur,26.305,83.079,2026-03-15 04:30:00 UTC,h00v00,452.0,2817.0,0.1397484,0.0479517
sultanpur,26.305,83.079,2026-03-15 07:30:00 UTC,h00v00,452.0,2817.0,0.1396604,0.0463584
sultanpur,26.305,83.079,2026-03-15 10:30:00 UTC,h00v00,452.0,2817.0,0.1395386,0.0449898
sultanpur,26.305,83.079,2026-03-15 13:30:00 UTC,h00v00,452.0,2817.0,0.1394735,0.0448263
sultanpur,26.305,83.079,2026-03-15 16:30:00 UTC,h00v00,452.0,2817.0,0.1395006,0.0454084
sultanpur,26.305,83.079,2026-03-15 19:30:00 UTC,h00v00,452.0,2817.0,0.139505,0.0466078
sultanpur,26.305,83.079,2026-03-15 22:30:00 UTC,h00v00,452.0,2817.0,0.1395597,0.0478162
sultanpur,26.305,83.079,2026-03-16 01:30:00 UTC,h00v00,452.0,2817.0,0.1395429,0.0489827
sultanpur,26.305,83.079,2026-03-16 04:30:00 UTC,h00v00,452.0,2817.0,0.1394913,0.0490387
sultanpur,26.305,83.079,2026-03-16 07:30:00 UTC,h00v00,452.0,2817.0,0.1393773,0.0479163
sultanpur,26.305,83.079,2026-03-16 10:30:00 UTC,h00v00,452.0,2817.0,0.1392554,0.0474146
sultanpur,26.305,83.079,2026-03-16 13:30:00 UTC,h00v00,452.0,2817.0,0.1393465,0.0491184
sultanpur,26.305,83.079,2026-03-16 16:30:00 UTC,h00v00,452.0,2817.0,0.1393517,0.0498918
sultanpur,26.305,83.079,2026-03-16 19:30:00 UTC,h00v00,452.0,2817.0,0.1393708,0.0504103
sultanpur,26.305,83.079,2026-03-16 22:30:00 UTC,h00v00,452.0,2817.0,0.1393178,0.0508039
sultanpur,26.305,83.079,2026-03-17 01:30:00 UTC,h00v00,452.0,2817.0,0.139364,0.0513543
sultanpur,26.305,83.079,2026-03-17 04:30:00 UTC,h00v00,452.0,2817.0,0.1393278,0.0513646
sultanpur,26.305,83.079,2026-03-17 07:30:00 UTC,h00v00,452.0,2817.0,0.139144,0.0501313
sultanpur,26.305,83.079,2026-03-17 10:30:00 UTC,h00v00,452.0,2817.0,0.1389787,0.0495238
sultanpur,26.305,83.079,2026-03-17 13:30:00 UTC,h00v00,452.0,2817.0,0.1389828,0.0509245
sultanpur,26.305,83.079,2026-03-17 16:30:00 UTC,h00v00,452.0,2817.0,0.1390351,0.0523574
sultanpur,26.305,83.079,2026-03-17 19:30:00 UTC,h00v00,452.0,2817.0,0.1390431,0.0533728
sultanpur,26.305,83.079,2026-03-17 22:30:00 UTC,h00v00,452.0,2817.0,0.1391318,0.054575
sultanpur,26.305,83.079,2026-03-18 01:30:00 UTC,h00v00,452.0,2817.0,0.1382946,0.0382049
sultanpur,26.305,83.079,2026-03-18 04:30:00 UTC,h00v00,452.0,2817.0,0.1382044,0.0384089
sultanpur,26.305,83.079,2026-03-18 07:30:00 UTC,h00v00,452.0,2817.0,0.1381236,0.0373479
sultanpur,26.305,83.079,2026-03-18 10:30:00 UTC,h00v00,452.0,2817.0,0.1380022,0.036942
sultanpur,26.305,83.079,2026-03-18 13:30:00 UTC,h00v00,452.0,2817.0,0.1380128,0.0379506
sultanpur,26.305,83.079,2026-03-18 16:30:00 UTC,h00v00,452.0,2817.0,0.1380433,0.0396526
sultanpur,26.305,83.079,2026-03-18 19:30:00 UTC,h00v00,452.0,2817.0,0.1380728,0.0411247
sultanpur,26.305,83.079,2026-03-18 22:30:00 UTC,h00v00,452.0,2817.0,0.1381005,0.0426304
sultanpur,26.305,83.079,2026-03-19 01:30:00 UTC,h00v00,452.0,2817.0,0.1381381,0.0440048
sultanpur,26.305,83.079,2026-03-19 04:30:00 UTC,h00v00,452.0,2817.0,0.1381066,0.0447899
sultanpur,26.305,83.079,2026-03-19 07:30:00 UTC,h00v00,452.0,2817.0,0.1379999,0.0445447
sultanpur,26.305,83.079,2026-03-19 10:30:00 UTC,h00v00,452.0,2817.0,0.1378986,0.0444016
sultanpur,26.305,83.079,2026-03-19 13:30:00 UTC,h00v00,452.0,2817.0,0.1377667,0.0432567
sultanpur,26.305,83.079,2026-03-19 16:30:00 UTC,h00v00,452.0,2817.0,0.13776,0.0440278
sultanpur,26.305,83.079,2026-03-19 19:30:00 UTC,h00v00,452.0,2817.0,0.1377986,0.0450125
sultanpur,26.305,83.079,2026-03-19 22:30:00 UTC,h00v00,452.0,2817.0,0.1378794,0.0464732
sultanpur,26.305,83.079,2026-03-20 01:30:00 UTC,h00v00,452.0,2817.0,0.1380934,0.0516028
sultanpur,26.305,83.079,2026-03-20 04:30:00 UTC,h00v00,452.0,2817.0,0.1380521,0.051776
sultanpur,26.305,83.079,2026-03-20 07:30:00 UTC,h00v00,452.0,2817.0,0.1379457,0.0509965
sultanpur,26.305,83.079,2026-03-20 10:30:00 UTC,h00v00,452.0,2817.0,0.1386247,0.0644719
sultanpur,26.305,83.079,2026-03-20 13:30:00 UTC,h00v00,452.0,2817.0,0.138793,0.0692555
sultanpur,26.305,83.079,2026-03-20 16:30:00 UTC,h00v00,452.0,2817.0,0.1388291,0.069682
sultanpur,26.305,83.079,2026-03-20 19:30:00 UTC,h00v00,452.0,2817.0,0.1388392,0.0704324
sultanpur,26.305,83.079,2026-03-20 22:30:00 UTC,h00v00,452.0,2817.0,0.1390688,0.0747097
sultanpur,26.305,83.079,2026-03-21 01:30:00 UTC,h00v00,452.0,2817.0,0.1394272,0.0809979
sultanpur,26.305,83.079,2026-03-21 04:30:00 UTC,h00v00,452.0,2817.0,0.1399233,0.0916367
sultanpur,26.305,83.079,2026-03-21 07:30:00 UTC,h00v00,452.0,2817.0,0.1404821,0.1037706
sultanpur,26.305,83.079,2026-03-21 10:30:00 UTC,h00v00,452.0,2817.0,0.141324,0.1195446
sultanpur,26.305,83.079,2026-03-21 13:30:00 UTC,h00v00,452.0,2817.0,0.140053,0.0942006
sultanpur,26.305,83.079,2026-03-21 16:30:00 UTC,h00v00,452.0,2817.0,0.140058,0.0946095
sultanpur,26.305,83.079,2026-03-21 19:30:00 UTC,h00v00,452.0,2817.0,0.1400648,0.0948736
sultanpur,26.305,83.079,2026-03-21 22:30:00 UTC,h00v00,452.0,2817.0,0.1401057,0.0950756
sultanpur,26.305,83.079,2026-03-22 01:30:00 UTC,h00v00,452.0,2817.0,0.1401336,0.0952395
sultanpur,26.305,83.079,2026-03-22 04:30:00 UTC,h00v00,452.0,2817.0,0.1400507,0.0947327
sultanpur,26.305,83.079,2026-03-22 07:30:00 UTC,h00v00,452.0,2817.0,0.1398696,0.0916855
sultanpur,26.305,83.079,2026-03-22 10:30:00 UTC,h00v00,452.0,2817.0,0.1397022,0.0885495
sultanpur,26.305,83.079,2026-03-22 13:30:00 UTC,h00v00,452.0,2817.0,0.138304,0.0644933
sultanpur,26.305,83.079,2026-03-22 16:30:00 UTC,h00v00,452.0,2817.0,0.1383335,0.0651971
sultanpur,26.305,83.079,2026-03-22 19:30:00 UTC,h00v00,452.0,2817.0,0.1383516,0.0660775
sultanpur,26.305,83.079,2026-03-22 22:30:00 UTC,h00v00,452.0,2817.0,0.1383833,0.067166
sultanpur,26.305,83.079,2026-03-23 01:30:00 UTC,h00v00,452.0,2817.0,0.1384216,0.0676717
sultanpur,26.305,83.079,2026-03-23 04:30:00 UTC,h00v00,452.0,2817.0,0.1383979,0.0678135
sultanpur,26.305,83.079,2026-03-23 07:30:00 UTC,h00v00,452.0,2817.0,0.1382412,0.0658031
sultanpur,26.305,83.079,2026-03-23 10:30:00 UTC,h00v00,452.0,2817.0,0.1380992,0.0644552
sultanpur,26.305,83.079,2026-03-23 13:30:00 UTC,h00v00,452.0,2817.0,0.1381219,0.0648333
sultanpur,26.305,83.079,2026-03-23 16:30:00 UTC,h00v00,452.0,2817.0,0.1381578,0.0656267
sultanpur,26.305,83.079,2026-03-23 19:30:00 UTC,h00v00,452.0,2817.0,0.138193,0.0665565
sultanpur,26.305,83.079,2026-03-23 22:30:00 UTC,h00v00,452.0,2817.0,0.1382405,0.0677093
sultanpur,26.305,83.079,2026-03-24 01:30:00 UTC,h00v00,452.0,2817.0,0.1382176,0.0683014
sultanpur,26.305,83.079,2026-03-24 04:30:00 UTC,h00v00,452.0,2817.0,0.1381985,0.0682756
sultanpur,26.305,83.079,2026-03-24 07:30:00 UTC,h00v00,452.0,2817.0,0.1380519,0.0661449
sultanpur,26.305,83.079,2026-03-24 10:30:00 UTC,h00v00,452.0,2817.0,0.1379428,0.0641228
sultanpur,26.305,83.079,2026-03-24 13:30:00 UTC,h00v00,452.0,2817.0,0.1378881,0.0637935
sultanpur,26.305,83.079,2026-03-24 16:30:00 UTC,h00v00,452.0,2817.0,0.1379339,0.0645306
sultanpur,26.305,83.079,2026-03-24 19:30:00 UTC,h00v00,452.0,2817.0,0.1379301,0.0659974
sultanpur,26.305,83.079,2026-03-24 22:30:00 UTC,h00v00,452.0,2817.0,0.1380196,0.0677333
sultanpur,26.305,83.079,2026-03-25 01:30:00 UTC,h00v00,452.0,2817.0,0.1380475,0.0688397
sultanpur,26.305,83.079,2026-03-25 04:30:00 UTC,h00v00,452.0,2817.0,0.1380208,0.0688136
sultanpur,26.305,83.079,2026-03-25 07:30:00 UTC,h00v00,452.0,2817.0,0.1378762,0.0668195
sultanpur,26.305,83.079,2026-03-25 10:30:00 UTC,h00v00,452.0,2817.0,0.1377354,0.0649408
sultanpur,26.305,83.079,2026-03-25 13:30:00 UTC,h00v00,452.0,2817.0,0.1376739,0.0648609
sultanpur,26.305,83.079,2026-03-25 16:30:00 UTC,h00v00,452.0,2817.0,0.1376889,0.0654519
sultanpur,26.305,83.079,2026-03-25 19:30:00 UTC,h00v00,452.0,2817.0,0.1376902,0.0660794
sultanpur,26.305,83.079,2026-03-25 22:30:00 UTC,h00v00,452.0,2817.0,0.1377036,0.066468
sultanpur,26.305,83.079,2026-03-26 01:30:00 UTC,h00v00,452.0,2817.0,0.1377262,0.0671456
sultanpur,26.305,83.079,2026-03-26 04:30:00 UTC,h00v00,452.0,2817.0,0.1376978,0.0663982
sultanpur,26.305,83.079,2026-03-26 07:30:00 UTC,h00v00,452.0,2817.0,0.1374586,0.0630895
sultanpur,26.305,83.079,2026-03-26 10:30:00 UTC,h00v00,452.0,2817.0,0.137285,0.0604631
sultanpur,26.305,83.079,2026-03-26 13:30:00 UTC,h00v00,452.0,2817.0,0.137256,0.0605458
sultanpur,26.305,83.079,2026-03-26 16:30:00 UTC,h00v00,452.0,2817.0,0.1372974,0.0618874
sultanpur,26.305,83.079,2026-03-26 19:30:00 UTC,h00v00,452.0,2817.0,0.1373325,0.0630364
sultanpur,26.305,83.079,2026-03-26 22:30:00 UTC,h00v00,452.0,2817.0,0.1373762,0.0640814
sultanpur,26.305,83.079,2026-03-27 01:30:00 UTC,h00v00,452.0,2817.0,0.1374112,0.0649093
sultanpur,26.305,83.079,2026-03-27 04:30:00 UTC,h00v00,452.0,2817.0,0.137379,0.0643048
sultanpur,26.305,83.079,2026-03-27 07:30:00 UTC,h00v00,452.0,2817.0,0.1372284,0.0623383
sultanpur,26.305,83.079,2026-03-27 10:30:00 UTC,h00v00,452.0,2817.0,0.1371374,0.0609149
sultanpur,26.305,83.079,2026-03-27 13:30:00 UTC,h00v00,452.0,2817.0,0.1361721,0.0440673
sultanpur,26.305,83.079,2026-03-27 16:30:00 UTC,h00v00,452.0,2817.0,0.1372777,0.0667879
sultanpur,26.305,83.079,2026-03-27 19:30:00 UTC,h00v00,452.0,2817.0,0.1379695,0.0809175
sultanpur,26.305,83.079,2026-03-27 22:30:00 UTC,h00v00,452.0,2817.0,0.1383633,0.0877958
sultanpur,26.305,83.079,2026-03-28 01:30:00 UTC,h00v00,452.0,2817.0,0.1390861,0.1010223
sultanpur,26.305,83.079,2026-03-28 04:30:00 UTC,h00v00,452.0,2817.0,0.1390647,0.0995985
sultanpur,26.305,83.079,2026-03-28 07:30:00 UTC,h00v00,452.0,2817.0,0.1388177,0.0953556
sultanpur,26.305,83.079,2026-03-28 10:30:00 UTC,h00v00,452.0,2817.0,0.1385874,0.0912507
sultanpur,26.305,83.079,2026-03-28 13:30:00 UTC,h00v00,452.0,2817.0,0.1385212,0.0897587
sultanpur,26.305,83.079,2026-03-28 16:30:00 UTC,h00v00,452.0,2817.0,0.1384702,0.0895774
sultanpur,26.305,83.079,2026-03-28 19:30:00 UTC,h00v00,452.0,2817.0,0.1384899,0.0895666
sultanpur,26.305,83.079,2026-03-28 22:30:00 UTC,h00v00,452.0,2817.0,0.1384943,0.0896044
sultanpur,26.305,83.079,2026-03-29 01:30:00 UTC,h00v00,452.0,2817.0,0.136941,0.0612044
sultanpur,26.305,83.079,2026-03-29 04:30:00 UTC,h00v00,452.0,2817.0,0.1369297,0.061106
sultanpur,26.305,83.079,2026-03-29 07:30:00 UTC,h00v00,452.0,2817.0,0.1367761,0.0592395
sultanpur,26.305,83.079,2026-03-29 10:30:00 UTC,h00v00,452.0,2817.0,0.1366559,0.0577337
sultanpur,26.305,83.079,2026-03-29 13:30:00 UTC,h00v00,452.0,2817.0,0.1358408,0.0422891
sultanpur,26.305,83.079,2026-03-29 16:30:00 UTC,h00v00,452.0,2817.0,0.1358439,0.043237
sultanpur,26.305,83.079,2026-03-29 19:30:00 UTC,h00v00,452.0,2817.0,0.1358591,0.043826
sultanpur,26.305,83.079,2026-03-29 22:30:00 UTC,h00v00,452.0,2817.0,0.1358852,0.0446515
sultanpur,26.305,83.079,2026-03-30 01:30:00 UTC,h00v00,452.0,2817.0,0.135924,0.0455549
sultanpur,26.305,83.079,2026-03-30 04:30:00 UTC,h00v00,452.0,2817.0,0.1359496,0.0468399
sultanpur,26.305,83.079,2026-03-30 07:30:00 UTC,h00v00,452.0,2817.0,0.1359796,0.0471685
sultanpur,26.305,83.079,2026-03-30 10:30:00 UTC,h00v00,452.0,2817.0,0.135926,0.0471899
sultanpur,26.305,83.079,2026-03-30 13:30:00 UTC,h00v00,452.0,2817.0,0.1356548,0.0425696
sultanpur,26.305,83.079,2026-03-30 16:30:00 UTC,h00v00,452.0,2817.0,0.1356884,0.0432329
sultanpur,26.305,83.079,2026-03-30 19:30:00 UTC,h00v00,452.0,2817.0,0.1356758,0.0440267
sultanpur,26.305,83.079,2026-03-30 22:30:00 UTC,h00v00,452.0,2817.0,0.1356927,0.0449641
sultanpur,26.305,83.079,2026-03-31 01:30:00 UTC,h00v00,452.0,2817.0,0.1356002,0.0423848
sultanpur,26.305,83.079,2026-03-31 04:30:00 UTC,h00v00,452.0,2817.0,0.135565,0.0431716
sultanpur,26.305,83.079,2026-03-31 07:30:00 UTC,h00v00,452.0,2817.0,0.1355209,0.0432737
sultanpur,26.305,83.079,2026-03-31 10:30:00 UTC,h00v00,452.0,2817.0,0.1354556,0.0426037
sultanpur,26.305,83.079,2026-03-31 13:30:00 UTC,h00v00,452.0,2817.0,0.135409,0.0430374
sultanpur,26.305,83.079,2026-03-31 16:30:00 UTC,h00v00,452.0,2817.0,0.1354524,0.0439081
sultanpur,26.305,83.079,2026-03-31 19:30:00 UTC,h00v00,452.0,2817.0,0.135512,0.0462102
sultanpur,26.305,83.079,2026-03-31 22:30:00 UTC,h00v00,452.0,2817.0,0.1357108,0.050695
sultanpur,26.305,83.079,2026-04-01 01:30:00 UTC,h00v00,452.0,2817.0,0.1357308,0.051615
sultanpur,26.305,83.079,2026-04-01 04:30:00 UTC,h00v00,452.0,2817.0,0.1356916,0.0517432
sultanpur,26.305,83.079,2026-04-01 07:30:00 UTC,h00v00,452.0,2817.0,0.1356035,0.0507966
sultanpur,26.305,83.079,2026-04-01 10:30:00 UTC,h00v00,452.0,2817.0,0.135478,0.0500779
sultanpur,26.305,83.079,2026-04-01 13:30:00 UTC,h00v00,452.0,2817.0,0.1345827,0.0316199
sultanpur,26.305,83.079,2026-04-01 16:30:00 UTC,h00v00,452.0,2817.0,0.1345704,0.0323468
sultanpur,26.305,83.079,2026-04-01 19:30:00 UTC,h00v00,452.0,2817.0,0.1346357,0.0332681
sultanpur,26.305,83.079,2026-04-01 22:30:00 UTC,h00v00,452.0,2817.0,0.1346761,0.0339055
sultanpur,26.305,83.079,2026-04-02 01:30:00 UTC,h00v00,452.0,2817.0,0.134712,0.0349999
sultanpur,26.305,83.079,2026-04-02 04:30:00 UTC,h00v00,452.0,2817.0,0.1347329,0.0366621
sultanpur,26.305,83.079,2026-04-02 07:30:00 UTC,h00v00,452.0,2817.0,0.1346905,0.0375752
sultanpur,26.305,83.079,2026-04-02 10:30:00 UTC,h00v00,452.0,2817.0,0.1346388,0.0384546
sultanpur,26.305,83.079,2026-04-02 13:30:00 UTC,h00v00,452.0,2817.0,0.1346834,0.0399791
sultanpur,26.305,83.079,2026-04-02 16:30:00 UTC,h00v00,452.0,2817.0,0.1346856,0.0412631
sultanpur,26.305,83.079,2026-04-02 19:30:00 UTC,h00v00,452.0,2817.0,0.1346756,0.0429575
sultanpur,26.305,83.079,2026-04-02 22:30:00 UTC,h00v00,452.0,2817.0,0.1347167,0.0444922
sultanpur,26.305,83.079,2026-04-03 01:30:00 UTC,h00v00,452.0,2817.0,0.1343947,0.0383681
sultanpur,26.305,83.079,2026-04-03 04:30:00 UTC,h00v00,452.0,2817.0,0.1343914,0.0386424
sultanpur,26.305,83.079,2026-04-03 07:30:00 UTC,h00v00,452.0,2817.0,0.1343126,0.0379978
sultanpur,26.305,83.079,2026-04-03 10:30:00 UTC,h00v00,452.0,2817.0,0.1342717,0.0376252
sultanpur,26.305,83.079,2026-04-03 13:30:00 UTC,h00v00,452.0,2817.0,0.1343045,0.0382576
sultanpur,26.305,83.079,2026-04-03 16:30:00 UTC,h00v00,452.0,2817.0,0.1343256,0.0393905
sultanpur,26.305,83.079,2026-04-03 19:30:00 UTC,h00v00,452.0,2817.0,0.134708,0.0472694
sultanpur,26.305,83.079,2026-04-03 22:30:00 UTC,h00v00,452.0,2817.0,0.135707,0.0674394
sultanpur,26.305,83.079,2026-04-04 01:30:00 UTC,h00v00,452.0,2817.0,0.1357353,0.0687135
sultanpur,26.305,83.079,2026-04-04 04:30:00 UTC,h00v00,452.0,2817.0,0.1357102,0.0680382
sultanpur,26.305,83.079,2026-04-04 07:30:00 UTC,h00v00,452.0,2817.0,0.1355845,0.0656008
sultanpur,26.305,83.079,2026-04-04 10:30:00 UTC,h00v00,452.0,2817.0,0.1354808,0.064101
sultanpur,26.305,83.079,2026-04-04 13:30:00 UTC,h00v00,452.0,2817.0,0.1341072,0.0384711
sultanpur,26.305,83.079,2026-04-04 16:30:00 UTC,h00v00,452.0,2817.0,0.1343955,0.0449057
sultanpur,26.305,83.079,2026-04-04 19:30:00 UTC,h00v00,452.0,2817.0,0.1355506,0.0683004
sultanpur,26.305,83.079,2026-04-04 22:30:00 UTC,h00v00,452.0,2817.0,0.1356616,0.0704944
sultanpur,26.305,83.079,2026-04-05 01:30:00 UTC,h00v00,452.0,2817.0,0.134777,0.0533944
sultanpur,26.305,83.079,2026-04-05 04:30:00 UTC,h00v00,452.0,2817.0,0.1347416,0.053102
sultanpur,26.305,83.079,2026-04-05 07:30:00 UTC,h00v00,452.0,2817.0,0.1346304,0.0515186
sultanpur,26.305,83.079,2026-04-05 10:30:00 UTC,h00v00,452.0,2817.0,0.1346121,0.0511779
sultanpur,26.305,83.079,2026-04-05 13:30:00 UTC,h00v00,452.0,2817.0,0.134723,0.0534452
sultanpur,26.305,83.079,2026-04-05 16:30:00 UTC,h00v00,452.0,2817.0,0.1347713,0.0543424
sultanpur,26.305,83.079,2026-04-05 19:30:00 UTC,h00v00,452.0,2817.0,0.1347851,0.0557491
sultanpur,26.305,83.079,2026-04-05 22:30:00 UTC,h00v00,452.0,2817.0,0.1348094,0.0569235
sultanpur,26.305,83.079,2026-04-06 01:30:00 UTC,h00v00,452.0,2817.0,0.1341237,0.0420923
sultanpur,26.305,83.079,2026-04-06 04:30:00 UTC,h00v00,452.0,2817.0,0.134108,0.0420521
sultanpur,26.305,83.079,2026-04-06 07:30:00 UTC,h00v00,452.0,2817.0,0.1340743,0.041276
sultanpur,26.305,83.079,2026-04-06 10:30:00 UTC,h00v00,452.0,2817.0,0.1340072,0.0402544
sultanpur,26.305,83.079,2026-04-06 13:30:00 UTC,h00v00,452.0,2817.0,0.1334575,0.0284789
sultanpur,26.305,83.079,2026-04-06 16:30:00 UTC,h00v00,452.0,2817.0,0.1335041,0.029645
sultanpur,26.305,83.079,2026-04-06 19:30:00 UTC,h00v00,452.0,2817.0,0.1335629,0.0314206
sultanpur,26.305,83.079,2026-04-06 22:30:00 UTC,h00v00,452.0,2817.0,0.1336112,0.0334545
sultanpur,26.305,83.079,2026-04-07 01:30:00 UTC,h00v00,452.0,2817.0,0.1336924,0.0351225
sultanpur,26.305,83.079,2026-04-07 04:30:00 UTC,h00v00,452.0,2817.0,0.1337165,0.0359218
sultanpur,26.305,83.079,2026-04-07 07:30:00 UTC,h00v00,452.0,2817.0,0.133686,0.0360072
sultanpur,26.305,83.079,2026-04-07 10:30:00 UTC,h00v00,452.0,2817.0,0.1336426,0.0369731
sultanpur,26.305,83.079,2026-04-07 13:30:00 UTC,h00v00,452.0,2817.0,0.1335606,0.0360892
sultanpur,26.305,83.079,2026-04-07 16:30:00 UTC,h00v00,452.0,2817.0,0.1335658,0.0365746
sultanpur,26.305,83.079,2026-04-07 19:30:00 UTC,h00v00,452.0,2817.0,0.1336168,0.0380388
sultanpur,26.305,83.079,2026-04-07 22:30:00 UTC,h00v00,452.0,2817.0,0.1338902,0.0435084
sultanpur,26.305,83.079,2026-04-08 01:30:00 UTC,h00v00,452.0,2817.0,0.1338142,0.0421882
sultanpur,26.305,83.079,2026-04-08 04:30:00 UTC,h00v00,452.0,2817.0,0.1338581,0.0425878
sultanpur,26.305,83.079,2026-04-08 07:30:00 UTC,h00v00,452.0,2817.0,0.1338459,0.043686
sultanpur,26.305,83.079,2026-04-08 10:30:00 UTC,h00v00,452.0,2817.0,0.1339042,0.0449502
sultanpur,26.305,83.079,2026-04-08 13:30:00 UTC,h00v00,452.0,2817.0,0.1338666,0.0458007
sultanpur,26.305,83.079,2026-04-08 16:30:00 UTC,h00v00,452.0,2817.0,0.1339106,0.0474098
sultanpur,26.305,83.079,2026-04-08 19:30:00 UTC,h00v00,452.0,2817.0,0.1339499,0.0491599
sultanpur,26.305,83.079,2026-04-08 22:30:00 UTC,h00v00,452.0,2817.0,0.1340327,0.0513172
sultanpur,26.305,83.079,2026-04-09 01:30:00 UTC,h00v00,452.0,2817.0,0.134075,0.0519958
sultanpur,26.305,83.079,2026-04-09 04:30:00 UTC,h00v00,452.0,2817.0,0.1340684,0.0522995
sultanpur,26.305,83.079,2026-04-09 07:30:00 UTC,h00v00,452.0,2817.0,0.1340046,0.051257
sultanpur,26.305,83.079,2026-04-09 10:30:00 UTC,h00v00,452.0,2817.0,0.1339015,0.0502665
sultanpur,26.305,83.079,2026-04-09 13:30:00 UTC,h00v00,452.0,2817.0,0.1339305,0.0502513
sultanpur,26.305,83.079,2026-04-09 16:30:00 UTC,h00v00,452.0,2817.0,0.1339181,0.05039
sultanpur,26.305,83.079,2026-04-09 19:30:00 UTC,h00v00,452.0,2817.0,0.1338671,0.0508311
sultanpur,26.305,83.079,2026-04-09 22:30:00 UTC,h00v00,452.0,2817.0,0.1338971,0.0514886
sultanpur,26.305,83.079,2026-04-10 01:30:00 UTC,h00v00,452.0,2817.0,0.1339273,0.0526653
sultanpur,26.305,83.079,2026-04-10 04:30:00 UTC,h00v00,452.0,2817.0,0.1340285,0.053587
sultanpur,26.305,83.079,2026-04-10 07:30:00 UTC,h00v00,452.0,2817.0,0.133954,0.0527452
sultanpur,26.305,83.079,2026-04-10 10:30:00 UTC,h00v00,452.0,2817.0,0.1339175,0.0518861
sultanpur,26.305,83.079,2026-04-10 13:30:00 UTC,h00v00,452.0,2817.0,0.1338803,0.0521184
sultanpur,26.305,83.079,2026-04-10 16:30:00 UTC,h00v00,452.0,2817.0,0.133842,0.0526765
sultanpur,26.305,83.079,2026-04-10 19:30:00 UTC,h00v00,452.0,2817.0,0.1338593,0.052879
sultanpur,26.305,83.079,2026-04-10 22:30:00 UTC,h00v00,452.0,2817.0,0.1338494,0.0534091
sultanpur,26.305,83.079,2026-04-11 01:30:00 UTC,h00v00,452.0,2817.0,0.1330488,0.0376051
sultanpur,26.305,83.079,2026-04-11 04:30:00 UTC,h00v00,452.0,2817.0,0.1330454,0.0382747
sultanpur,26.305,83.079,2026-04-11 07:30:00 UTC,h00v00,452.0,2817.0,0.1330356,0.0382231
sultanpur,26.305,83.079,2026-04-11 10:30:00 UTC,h00v00,452.0,2817.0,0.1329319,0.0380154
sultanpur,26.305,83.079,2026-04-11 13:30:00 UTC,h00v00,452.0,2817.0,0.1329468,0.0382872
sultanpur,26.305,83.079,2026-04-11 16:30:00 UTC,h00v00,452.0,2817.0,0.1329199,0.0392512
sultanpur,26.305,83.079,2026-04-11 19:30:00 UTC,h00v00,452.0,2817.0,0.1329637,0.0409876
sultanpur,26.305,83.079,2026-04-11 22:30:00 UTC,h00v00,452.0,2817.0,0.1330559,0.0421742
sultanpur,26.305,83.079,2026-04-12 01:30:00 UTC,h00v00,452.0,2817.0,0.1331031,0.0432619
sultanpur,26.305,83.079,2026-04-12 04:30:00 UTC,h00v00,452.0,2817.0,0.1331149,0.0440602
sultanpur,26.305,83.079,2026-04-12 07:30:00 UTC,h00v00,452.0,2817.0,0.1331064,0.0437316
sultanpur,26.305,83.079,2026-04-12 10:30:00 UTC,h00v00,452.0,2817.0,0.1330658,0.0436235
sultanpur,26.305,83.079,2026-04-12 13:30:00 UTC,h00v00,452.0,2817.0,0.1326977,0.0362701
sultanpur,26.305,83.079,2026-04-12 16:30:00 UTC,h00v00,452.0,2817.0,0.1327386,0.0371243
sultanpur,26.305,83.079,2026-04-12 19:30:00 UTC,h00v00,452.0,2817.0,0.132782,0.0389274
sultanpur,26.305,83.079,2026-04-12 22:30:00 UTC,h00v00,452.0,2817.0,0.1327936,0.0406066
sultanpur,26.305,83.079,2026-04-13 01:30:00 UTC,h00v00,452.0,2817.0,0.1330747,0.0455789
sultanpur,26.305,83.079,2026-04-13 04:30:00 UTC,h00v00,452.0,2817.0,0.1330486,0.0455446
sultanpur,26.305,83.079,2026-04-13 07:30:00 UTC,h00v00,452.0,2817.0,0.1329714,0.0445674
sultanpur,26.305,83.079,2026-04-13 10:30:00 UTC,h00v00,452.0,2817.0,0.1329179,0.0435421
sultanpur,26.305,83.079,2026-04-13 13:30:00 UTC,h00v00,452.0,2817.0,0.1328506,0.0432204
sultanpur,26.305,83.079,2026-04-13 16:30:00 UTC,h00v00,452.0,2817.0,0.1328852,0.0435062
sultanpur,26.305,83.079,2026-04-13 19:30:00 UTC,h00v00,452.0,2817.0,0.1328808,0.0443562
sultanpur,26.305,83.079,2026-04-13 22:30:00 UTC,h00v00,452.0,2817.0,0.1329242,0.044841
sultanpur,26.305,83.079,2026-04-14 01:30:00 UTC,h00v00,452.0,2817.0,0.1324354,0.0364256
sultanpur,26.305,83.079,2026-04-14 04:30:00 UTC,h00v00,452.0,2817.0,0.1324435,0.036865
sultanpur,26.305,83.079,2026-04-14 07:30:00 UTC,h00v00,452.0,2817.0,0.1324343,0.0371566
sultanpur,26.305,83.079,2026-04-14 10:30:00 UTC,h00v00,452.0,2817.0,0.1324645,0.0383262
sultanpur,26.305,83.079,2026-04-14 13:30:00 UTC,h00v00,452.0,2817.0,0.1318909,0.0274229
sultanpur,26.305,83.079,2026-04-14 16:30:00 UTC,h00v00,452.0,2817.0,0.1319245,0.0286265
sultanpur,26.305,83.079,2026-04-14 19:30:00 UTC,h00v00,452.0,2817.0,0.1319844,0.029335
sultanpur,26.305,83.079,2026-04-14 22:30:00 UTC,h00v00,452.0,2817.0,0.1320273,0.0302448
sultanpur,26.305,83.079,2026-04-15 01:30:00 UTC,h00v00,452.0,2817.0,0.1320733,0.0311332
sultanpur,26.305,83.079,2026-04-15 04:30:00 UTC,h00v00,452.0,2817.0,0.1321206,0.0321781
sultanpur,26.305,83.079,2026-04-15 07:30:00 UTC,h00v00,452.0,2817.0,0.132117,0.0326157
sultanpur,26.305,83.079,2026-04-15 10:30:00 UTC,h00v00,452.0,2817.0,0.1320758,0.0330883
sultanpur,26.305,83.079,2026-04-15 13:30:00 UTC,h00v00,452.0,2817.0,0.1315714,0.0230647
sultanpur,26.305,83.079,2026-04-15 16:30:00 UTC,h00v00,452.0,2817.0,0.131665,0.0254864
sultanpur,26.305,83.079,2026-04-15 19:30:00 UTC,h00v00,452.0,2817.0,0.1317123,0.0279866
sultanpur,26.305,83.079,2026-04-15 22:30:00 UTC,h00v00,452.0,2817.0,0.1317976,0.0298587
sultanpur,26.305,83.079,2026-04-16 01:30:00 UTC,h00v00,452.0,2817.0,0.1318287,0.0302859
sultanpur,26.305,83.079,2026-04-16 04:30:00 UTC,h00v00,452.0,2817.0,0.1318651,0.0312477
sultanpur,26.305,83.079,2026-04-16 07:30:00 UTC,h00v00,452.0,2817.0,0.1318299,0.0320143
sultanpur,26.305,83.079,2026-04-16 10:30:00 UTC,h00v00,452.0,2817.0,0.1318313,0.0320766
sultanpur,26.305,83.079,2026-04-16 13:30:00 UTC,h00v00,452.0,2817.0,0.1318581,0.0327902
sultanpur,26.305,83.079,2026-04-16 16:30:00 UTC,h00v00,452.0,2817.0,0.1318632,0.0341826
sultanpur,26.305,83.079,2026-04-16 19:30:00 UTC,h00v00,452.0,2817.0,0.1319216,0.0356091
sultanpur,26.305,83.079,2026-04-16 22:30:00 UTC,h00v00,452.0,2817.0,0.1318988,0.0371193
sultanpur,26.305,83.079,2026-04-17 01:30:00 UTC,h00v00,452.0,2817.0,0.1319181,0.0384821
sultanpur,26.305,83.079,2026-04-17 04:30:00 UTC,h00v00,452.0,2817.0,0.1319183,0.0390992
sultanpur,26.305,83.079,2026-04-17 07:30:00 UTC,h00v00,452.0,2817.0,0.1318805,0.0389118
sultanpur,26.305,83.079,2026-04-17 10:30:00 UTC,h00v00,452.0,2817.0,0.1318171,0.0385876
sultanpur,26.305,83.079,2026-04-17 13:30:00 UTC,h00v00,452.0,2817.0,0.1317354,0.0360829
sultanpur,26.305,83.079,2026-04-17 16:30:00 UTC,h00v00,452.0,2817.0,0.131717,0.0367025
sultanpur,26.305,83.079,2026-04-17 19:30:00 UTC,h00v00,452.0,2817.0,0.1317887,0.0375542
sultanpur,26.305,83.079,2026-04-17 22:30:00 UTC,h00v00,452.0,2817.0,0.1317935,0.0379697
sultanpur,26.305,83.079,2026-04-18 01:30:00 UTC,h00v00,452.0,2817.0,0.1318082,0.0384095
sultanpur,26.305,83.079,2026-04-18 04:30:00 UTC,h00v00,452.0,2817.0,0.1318426,0.0390988
sultanpur,26.305,83.079,2026-04-18 07:30:00 UTC,h00v00,452.0,2817.0,0.1317696,0.0388338
sultanpur,26.305,83.079,2026-04-18 10:30:00 UTC,h00v00,452.0,2817.0,0.1317267,0.0377747
sultanpur,26.305,83.079,2026-04-18 13:30:00 UTC,h00v00,452.0,2817.0,0.1317245,0.0379465
sultanpur,26.305,83.079,2026-04-18 16:30:00 UTC,h00v00,452.0,2817.0,0.131755,0.0388911
sultanpur,26.305,83.079,2026-04-18 19:30:00 UTC,h00v00,452.0,2817.0,0.1317633,0.0396325
sultanpur,26.305,83.079,2026-04-18 22:30:00 UTC,h00v00,452.0,2817.0,0.1318104,0.0407045
sultanpur,26.305,83.079,2026-04-19 01:30:00 UTC,h00v00,452.0,2817.0,0.1315511,0.0344033
sultanpur,26.305,83.079,2026-04-19 04:30:00 UTC,h00v00,452.0,2817.0,0.1315864,0.0346665
sultanpur,26.305,83.079,2026-04-19 07:30:00 UTC,h00v00,452.0,2817.0,0.1316006,0.0343895
sultanpur,26.305,83.079,2026-04-19 10:30:00 UTC,h00v00,452.0,2817.0,0.1315835,0.0343846
sultanpur,26.305,83.079,2026-04-19 13:30:00 UTC,h00v00,452.0,2817.0,0.1315326,0.0344372
sultanpur,26.305,83.079,2026-04-19 16:30:00 UTC,h00v00,452.0,2817.0,0.131572,0.0354662
sultanpur,26.305,83.079,2026-04-19 19:30:00 UTC,h00v00,452.0,2817.0,0.131598,0.0366345
sultanpur,26.305,83.079,2026-04-19 22:30:00 UTC,h00v00,452.0,2817.0,0.1316825,0.0377009
sultanpur,26.305,83.079,2026-04-20 01:30:00 UTC,h00v00,452.0,2817.0,0.1317427,0.0389606
sultanpur,26.305,83.079,2026-04-20 04:30:00 UTC,h00v00,452.0,2817.0,0.1318421,0.0402792
sultanpur,26.305,83.079,2026-04-20 07:30:00 UTC,h00v00,452.0,2817.0,0.131827,0.0399613
sultanpur,26.305,83.079,2026-04-20 10:30:00 UTC,h00v00,452.0,2817.0,0.1317784,0.0396683
sultanpur,26.305,83.079,2026-04-20 13:30:00 UTC,h00v00,452.0,2817.0,0.1315191,0.0337685
sultanpur,26.305,83.079,2026-04-20 16:30:00 UTC,h00v00,452.0,2817.0,0.1315163,0.0340541
sultanpur,26.305,83.079,2026-04-20 19:30:00 UTC,h00v00,452.0,2817.0,0.1315045,0.0344419
sultanpur,26.305,83.079,2026-04-20 22:30:00 UTC,h00v00,452.0,2817.0,0.131529,0.0348216
sultanpur,26.305,83.079,2026-04-21 01:30:00 UTC,h00v00,452.0,2817.0,0.131825,0.0408814
sultanpur,26.305,83.079,2026-04-21 04:30:00 UTC,h00v00,452.0,2817.0,0.1318246,0.0408304
sultanpur,26.305,83.079,2026-04-21 07:30:00 UTC,h00v00,452.0,2817.0,0.131728,0.0396319
sultanpur,26.305,83.079,2026-04-21 10:30:00 UTC,h00v00,452.0,2817.0,0.1316829,0.0386871
sultanpur,26.305,83.079,2026-04-21 13:30:00 UTC,h00v00,452.0,2817.0,0.1317067,0.0384406
sultanpur,26.305,83.079,2026-04-21 16:30:00 UTC,h00v00,452.0,2817.0,0.1317614,0.0389514
sultanpur,26.305,83.079,2026-04-21 19:30:00 UTC,h00v00,452.0,2817.0,0.1317819,0.040515
sultanpur,26.305,83.079,2026-04-21 22:30:00 UTC,h00v00,452.0,2817.0,0.1318755,0.0417937
sultanpur,26.305,83.079,2026-04-22 01:30:00 UTC,h00v00,452.0,2817.0,0.1315555,0.0355718
sultanpur,26.305,83.079,2026-04-22 04:30:00 UTC,h00v00,452.0,2817.0,0.1316102,0.0370194
sultanpur,26.305,83.079,2026-04-22 07:30:00 UTC,h00v00,452.0,2817.0,0.1315886,0.0372983
sultanpur,26.305,83.079,2026-04-22 10:30:00 UTC,h00v00,452.0,2817.0,0.1315604,0.0373212
sultanpur,26.305,83.079,2026-04-22 13:30:00 UTC,h00v00,452.0,2817.0,0.1310596,0.0262323
sultanpur,26.305,83.079,2026-04-22 16:30:00 UTC,h00v00,452.0,2817.0,0.1311112,0.0275976
sultanpur,26.305,83.079,2026-04-22 19:30:00 UTC,h00v00,452.0,2817.0,0.1312268,0.0294486
sultanpur,26.305,83.079,2026-04-22 22:30:00 UTC,h00v00,452.0,2817.0,0.1312628,0.0318653
sultanpur,26.305,83.079,2026-04-23 01:30:00 UTC,h00v00,452.0,2817.0,0.1313433,0.0335524
sultanpur,26.305,83.079,2026-04-23 04:30:00 UTC,h00v00,452.0,2817.0,0.1313571,0.0346762
sultanpur,26.305,83.079,2026-04-23 07:30:00 UTC,h00v00,452.0,2817.0,0.1313216,0.0351208
sultanpur,26.305,83.079,2026-04-23 10:30:00 UTC,h00v00,452.0,2817.0,0.1312788,0.0346646
sultanpur,26.305,83.079,2026-04-23 13:30:00 UTC,h00v00,452.0,2817.0,0.1310235,0.0296792
sultanpur,26.305,83.079,2026-04-23 16:30:00 UTC,h00v00,452.0,2817.0,0.1310681,0.0306683
sultanpur,26.305,83.079,2026-04-23 19:30:00 UTC,h00v00,452.0,2817.0,0.131119,0.0322369
sultanpur,26.305,83.079,2026-04-23 22:30:00 UTC,h00v00,452.0,2817.0,0.1312029,0.033738
sultanpur,26.305,83.079,2026-04-24 01:30:00 UTC,h00v00,452.0,2817.0,0.1313519,0.0366069
sultanpur,26.305,83.079,2026-04-24 04:30:00 UTC,h00v00,452.0,2817.0,0.1314345,0.0365884
sultanpur,26.305,83.079,2026-04-24 07:30:00 UTC,h00v00,452.0,2817.0,0.1314088,0.0359472
sultanpur,26.305,83.079,2026-04-24 10:30:00 UTC,h00v00,452.0,2817.0,0.1314332,0.0356411
sultanpur,26.305,83.079,2026-04-24 13:30:00 UTC,h00v00,452.0,2817.0,0.1314751,0.0364127
sultanpur,26.305,83.079,2026-04-24 16:30:00 UTC,h00v00,452.0,2817.0,0.1315343,0.0383482
sultanpur,26.305,83.079,2026-04-24 19:30:00 UTC,h00v00,452.0,2817.0,0.1316076,0.0410477
sultanpur,26.305,83.079,2026-04-24 22:30:00 UTC,h00v00,452.0,2817.0,0.131645,0.0429729
sultanpur,26.305,83.079,2026-04-25 01:30:00 UTC,h00v00,452.0,2817.0,0.1317236,0.0447077
sultanpur,26.305,83.079,2026-04-25 04:30:00 UTC,h00v00,452.0,2817.0,0.1318059,0.0462029
sultanpur,26.305,83.079,2026-04-25 07:30:00 UTC,h00v00,452.0,2817.0,0.1317398,0.0461641
sultanpur,26.305,83.079,2026-04-25 10:30:00 UTC,h00v00,452.0,2817.0,0.1316562,0.0453446
sultanpur,26.305,83.079,2026-04-25 13:30:00 UTC,h00v00,452.0,2817.0,0.131656,0.0453221
sultanpur,26.305,83.079,2026-04-25 16:30:00 UTC,h00v00,452.0,2817.0,0.1316406,0.0461567
sultanpur,26.305,83.079,2026-04-25 19:30:00 UTC,h00v00,452.0,2817.0,0.1317426,0.0476233
sultanpur,26.305,83.079,2026-04-25 22:30:00 UTC,h00v00,452.0,2817.0,0.1318244,0.0490347
sultanpur,26.305,83.079,2026-04-26 01:30:00 UTC,h00v00,452.0,2817.0,0.1318662,0.0503178
sultanpur,26.305,83.079,2026-04-26 04:30:00 UTC,h00v00,452.0,2817.0,0.1318495,0.0509129
sultanpur,26.305,83.079,2026-04-26 07:30:00 UTC,h00v00,452.0,2817.0,0.1317733,0.0498311
sultanpur,26.305,83.079,2026-04-26 10:30:00 UTC,h00v00,452.0,2817.0,0.1316359,0.0483896
sultanpur,26.305,83.079,2026-04-26 13:30:00 UTC,h00v00,452.0,2817.0,0.1316282,0.0482232
sultanpur,26.305,83.079,2026-04-26 16:30:00 UTC,h00v00,452.0,2817.0,0.1316846,0.0490406
sultanpur,26.305,83.079,2026-04-26 19:30:00 UTC,h00v00,452.0,2817.0,0.1317864,0.050435
sultanpur,26.305,83.079,2026-04-26 22:30:00 UTC,h00v00,452.0,2817.0,0.1318875,0.0519576
sultanpur,26.305,83.079,2026-04-27 01:30:00 UTC,h00v00,452.0,2817.0,0.1314207,0.0409128
sultanpur,26.305,83.079,2026-04-27 04:30:00 UTC,h00v00,452.0,2817.0,0.1314019,0.0415379
sultanpur,26.305,83.079,2026-04-27 07:30:00 UTC,h00v00,452.0,2817.0,0.1314244,0.0417804
sultanpur,26.305,83.079,2026-04-27 10:30:00 UTC,h00v00,452.0,2817.0,0.1314535,0.0412731
sultanpur,26.305,83.079,2026-04-27 13:30:00 UTC,h00v00,452.0,2817.0,0.1314901,0.0418549
sultanpur,26.305,83.079,2026-04-27 16:30:00 UTC,h00v00,452.0,2817.0,0.1315452,0.0421911
sultanpur,26.305,83.079,2026-04-27 19:30:00 UTC,h00v00,452.0,2817.0,0.1315682,0.0424443
sultanpur,26.305,83.079,2026-04-27 22:30:00 UTC,h00v00,452.0,2817.0,0.1316049,0.0427442
sultanpur,26.305,83.079,2026-04-28 01:30:00 UTC,h00v00,452.0,2817.0,0.131587,0.0430131
sultanpur,26.305,83.079,2026-04-28 04:30:00 UTC,h00v00,452.0,2817.0,0.1315876,0.0431499
sultanpur,26.305,83.079,2026-04-28 07:30:00 UTC,h00v00,452.0,2817.0,0.1315629,0.0427137
sultanpur,26.305,83.079,2026-04-28 10:30:00 UTC,h00v00,452.0,2817.0,0.1315033,0.0420775
sultanpur,26.305,83.079,2026-04-28 13:30:00 UTC,h00v00,452.0,2817.0,0.1310289,0.0330078
sultanpur,26.305,83.079,2026-04-28 16:30:00 UTC,h00v00,452.0,2817.0,0.1311075,0.0339703
sultanpur,26.305,83.079,2026-04-28 19:30:00 UTC,h00v00,452.0,2817.0,0.1311424,0.0352
sultanpur,26.305,83.079,2026-04-28 22:30:00 UTC,h00v00,452.0,2817.0,0.1312222,0.0362427
sultanpur,26.305,83.079,2026-04-29 01:30:00 UTC,h00v00,452.0,2817.0,0.1316181,0.0437432
sultanpur,26.305,83.079,2026-04-29 04:30:00 UTC,h00v00,452.0,2817.0,0.1316537,0.0438973
sultanpur,26.305,83.079,2026-04-29 07:30:00 UTC,h00v00,452.0,2817.0,0.1316358,0.0435066
sultanpur,26.305,83.079,2026-04-29 10:30:00 UTC,h00v00,452.0,2817.0,0.1316108,0.0426781
sultanpur,26.305,83.079,2026-04-29 13:30:00 UTC,h00v00,452.0,2817.0,0.1320814,0.0523211
sultanpur,26.305,83.079,2026-04-29 16:30:00 UTC,h00v00,452.0,2817.0,0.1331754,0.0729734
sultanpur,26.305,83.079,2026-04-29 19:30:00 UTC,h00v00,452.0,2817.0,0.13415,0.0916152
sultanpur,26.305,83.079,2026-04-29 22:30:00 UTC,h00v00,452.0,2817.0,0.134787,0.1038165
sultanpur,26.305,83.079,2026-04-30 01:30:00 UTC,h00v00,452.0,2817.0,0.138583,0.1712976
sultanpur,26.305,83.079,2026-04-30 04:30:00 UTC,h00v00,452.0,2817.0,0.1383596,0.158727
sultanpur,26.305,83.079,2026-04-30 07:30:00 UTC,h00v00,452.0,2817.0,0.137902,0.1455767
sultanpur,26.305,83.079,2026-04-30 10:30:00 UTC,h00v00,452.0,2817.0,0.1375365,0.135613
sultanpur,26.305,83.079,2026-04-30 13:30:00 UTC,h00v00,452.0,2817.0,0.1373887,0.1302805
sultanpur,26.305,83.079,2026-04-30 16:30:00 UTC,h00v00,452.0,2817.0,0.1376156,0.1347161
sultanpur,26.305,83.079,2026-04-30 19:30:00 UTC,h00v00,452.0,2817.0,0.1377832,0.1369828
sultanpur,26.305,83.079,2026-04-30 22:30:00 UTC,h00v00,452.0,2817.0,0.1379339,0.1377224
sultanpur,26.305,83.079,2026-05-01 01:30:00 UTC,h00v00,452.0,2817.0,0.1379669,0.1368574
sultanpur,26.305,83.079,2026-05-01 04:30:00 UTC,h00v00,452.0,2817.0,0.1377899,0.1320993
sultanpur,26.305,83.079,2026-05-01 07:30:00 UTC,h00v00,452.0,2817.0,0.1374784,0.1246583
sultanpur,26.305,83.079,2026-05-01 10:30:00 UTC,h00v00,452.0,2817.0,0.137122,0.1174672
sultanpur,26.305,83.079,2026-05-01 13:30:00 UTC,h00v00,452.0,2817.0,0.1373533,0.1157866
sultanpur,26.305,83.079,2026-05-01 16:30:00 UTC,h00v00,452.0,2817.0,0.1372612,0.1152052
sultanpur,26.305,83.079,2026-05-01 19:30:00 UTC,h00v00,452.0,2817.0,0.1372422,0.1149497
sultanpur,26.305,83.079,2026-05-01 22:30:00 UTC,h00v00,452.0,2817.0,0.1372055,0.1146896
sultanpur,26.305,83.079,2026-05-02 01:30:00 UTC,h00v00,452.0,2817.0,0.136253,0.0985421
sultanpur,26.305,83.079,2026-05-02 04:30:00 UTC,h00v00,452.0,2817.0,0.1361632,0.0973195
sultanpur,26.305,83.079,2026-05-02 07:30:00 UTC,h00v00,452.0,2817.0,0.1359281,0.0930629
sultanpur,26.305,83.079,2026-05-02 10:30:00 UTC,h00v00,452.0,2817.0,0.1356717,0.0887718
sultanpur,26.305,83.079,2026-05-02 13:30:00 UTC,h00v00,452.0,2817.0,0.1359724,0.0946894
sultanpur,26.305,83.079,2026-05-02 16:30:00 UTC,h00v00,452.0,2817.0,0.1366981,0.1082342
sultanpur,26.305,83.079,2026-05-02 19:30:00 UTC,h00v00,452.0,2817.0,0.1389022,0.1495841
sultanpur,26.305,83.079,2026-05-02 22:30:00 UTC,h00v00,452.0,2817.0,0.1405397,0.171007
sultanpur,26.305,83.079,2026-05-03 01:30:00 UTC,h00v00,452.0,2817.0,0.1413542,0.1736685
sultanpur,26.305,83.079,2026-05-03 04:30:00 UTC,h00v00,452.0,2817.0,0.1413737,0.1639937
sultanpur,26.305,83.079,2026-05-03 07:30:00 UTC,h00v00,452.0,2817.0,0.1407374,0.147383
sultanpur,26.305,83.079,2026-05-03 10:30:00 UTC,h00v00,452.0,2817.0,0.1402151,0.1359869
sultanpur,26.305,83.079,2026-05-03 13:30:00 UTC,h00v00,452.0,2817.0,0.1445619,0.1650259
sultanpur,26.305,83.079,2026-05-03 16:30:00 UTC,h00v00,452.0,2817.0,0.1443361,0.1575048
sultanpur,26.305,83.079,2026-05-03 19:30:00 UTC,h00v00,452.0,2817.0,0.1441831,0.1523096
sultanpur,26.305,83.079,2026-05-03 22:30:00 UTC,h00v00,452.0,2817.0,0.1440202,0.1489174
sultanpur,26.305,83.079,2026-05-04 01:30:00 UTC,h00v00,452.0,2817.0,0.1439525,0.1464434
sultanpur,26.305,83.079,2026-05-04 04:30:00 UTC,h00v00,452.0,2817.0,0.1436278,0.1406648
sultanpur,26.305,83.079,2026-05-04 07:30:00 UTC,h00v00,452.0,2817.0,0.1430483,0.1306089
sultanpur,26.305,83.079,2026-05-04 10:30:00 UTC,h00v00,452.0,2817.0,0.1425722,0.122242
sultanpur,26.305,83.079,2026-05-04 13:30:00 UTC,h00v00,452.0,2817.0,0.1437099,0.1458544
sultanpur,26.305,83.079,2026-05-04 16:30:00 UTC,h00v00,452.0,2817.0,0.1457236,0.1772052
sultanpur,26.305,83.079,2026-05-04 19:30:00 UTC,h00v00,452.0,2817.0,0.1489339,0.2179869
sultanpur,26.305,83.079,2026-05-04 22:30:00 UTC,h00v00,452.0,2817.0,0.1517891,0.2305322
sultanpur,26.305,83.079,2026-05-05 01:30:00 UTC,h00v00,452.0,2817.0,0.156531,0.2402473
sultanpur,26.305,83.079,2026-05-05 04:30:00 UTC,h00v00,452.0,2817.0,0.1560961,0.1993948
sultanpur,26.305,83.079,2026-05-05 07:30:00 UTC,h00v00,452.0,2817.0,0.155072,0.1725374
sultanpur,26.305,83.079,2026-05-05 10:30:00 UTC,h00v00,452.0,2817.0,0.1543555,0.1600589
sultanpur,26.305,83.079,2026-05-05 13:30:00 UTC,h00v00,452.0,2817.0,0.1540219,0.1559332
sultanpur,26.305,83.079,2026-05-05 16:30:00 UTC,h00v00,452.0,2817.0,0.1538641,0.1552869
sultanpur,26.305,83.079,2026-05-05 19:30:00 UTC,h00v00,452.0,2817.0,0.1536268,0.1537792
sultanpur,26.305,83.079,2026-05-05 22:30:00 UTC,h00v00,452.0,2817.0,0.1534952,0.1535137
sultanpur,26.305,83.079,2026-05-06 01:30:00 UTC,h00v00,452.0,2817.0,0.1532872,0.1517656
sultanpur,26.305,83.079,2026-05-06 04:30:00 UTC,h00v00,452.0,2817.0,0.1528673,0.1456599
sultanpur,26.305,83.079,2026-05-06 07:30:00 UTC,h00v00,452.0,2817.0,0.1522363,0.1368554
sultanpur,26.305,83.079,2026-05-06 10:30:00 UTC,h00v00,452.0,2817.0,0.1517159,0.1302543
sultanpur,26.305,83.079,2026-05-06 13:30:00 UTC,h00v00,452.0,2817.0,0.1546688,0.1622788
sultanpur,26.305,83.079,2026-05-06 16:30:00 UTC,h00v00,452.0,2817.0,0.1553318,0.1738497
sultanpur,26.305,83.079,2026-05-06 19:30:00 UTC,h00v00,452.0,2817.0,0.1573447,0.2020822
sultanpur,26.305,83.079,2026-05-06 22:30:00 UTC,h00v00,452.0,2817.0,0.1582045,0.1988753
sultanpur,26.305,83.079,2026-05-07 01:30:00 UTC,h00v00,452.0,2817.0,0.1591621,0.1902345
sultanpur,26.305,83.079,2026-05-07 04:30:00 UTC,h00v00,452.0,2817.0,0.1584455,0.1708027
sultanpur,26.305,83.079,2026-05-07 07:30:00 UTC,h00v00,452.0,2817.0,0.1573816,0.1517195
sultanpur,26.305,83.079,2026-05-07 10:30:00 UTC,h00v00,452.0,2817.0,0.1564955,0.1382902
sultanpur,26.305,83.079,2026-05-07 13:30:00 UTC,h00v00,452.0,2817.0,0.1560041,0.1330029
sultanpur,26.305,83.079,2026-05-07 16:30:00 UTC,h00v00,452.0,2817.0,0.1557155,0.131304
sultanpur,26.305,83.079,2026-05-07 19:30:00 UTC,h00v00,452.0,2817.0,0.1555098,0.13018
sultanpur,26.305,83.079,2026-05-07 22:30:00 UTC,h00v00,452.0,2817.0,0.1553701,0.12935
sultanpur,26.305,83.079,2026-05-08 01:30:00 UTC,h00v00,452.0,2817.0,0.1571522,0.1580224
sultanpur,26.305,83.079,2026-05-08 04:30:00 UTC,h00v00,452.0,2817.0,0.1566686,0.1496052
sultanpur,26.305,83.079,2026-05-08 07:30:00 UTC,h00v00,452.0,2817.0,0.1558368,0.1364557
sultanpur,26.305,83.079,2026-05-08 10:30:00 UTC,h00v00,452.0,2817.0,0.1551187,0.1256957
sultanpur,26.305,83.079,2026-05-08 13:30:00 UTC,h00v00,452.0,2817.0,0.1552873,0.127684
sultanpur,26.305,83.079,2026-05-08 16:30:00 UTC,h00v00,452.0,2817.0,0.155151,0.1264862
sultanpur,26.305,83.079,2026-05-08 19:30:00 UTC,h00v00,452.0,2817.0,0.1550094,0.1255531
sultanpur,26.305,83.079,2026-05-08 22:30:00 UTC,h00v00,452.0,2817.0,0.1548722,0.1248511
sultanpur,26.305,83.079,2026-05-09 01:30:00 UTC,h00v00,452.0,2817.0,0.1547325,0.1239226
sultanpur,26.305,83.079,2026-05-09 04:30:00 UTC,h00v00,452.0,2817.0,0.154459,0.1195725
sultanpur,26.305,83.079,2026-05-09 07:30:00 UTC,h00v00,452.0,2817.0,0.1538987,0.1111292
sultanpur,26.305,83.079,2026-05-09 10:30:00 UTC,h00v00,452.0,2817.0,0.1534284,0.1039459
sultanpur,26.305,83.079,2026-05-09 13:30:00 UTC,h00v00,452.0,2817.0,0.1534221,0.105303
sultanpur,26.305,83.079,2026-05-09 16:30:00 UTC,h00v00,452.0,2817.0,0.1532913,0.1047086
sultanpur,26.305,83.079,2026-05-09 19:30:00 UTC,h00v00,452.0,2817.0,0.1532365,0.1045346
sultanpur,26.305,83.079,2026-05-09 22:30:00 UTC,h00v00,452.0,2817.0,0.1531788,0.1046446
sultanpur,26.305,83.079,2026-05-10 01:30:00 UTC,h00v00,452.0,2817.0,0.1532592,0.1065629
sultanpur,26.305,83.079,2026-05-10 04:30:00 UTC,h00v00,452.0,2817.0,0.1530617,0.1044937
sultanpur,26.305,83.079,2026-05-10 07:30:00 UTC,h00v00,452.0,2817.0,0.1526864,0.0990891
sultanpur,26.305,83.079,2026-05-10 10:30:00 UTC,h00v00,452.0,2817.0,0.1523587,0.0938211
sultanpur,26.305,83.079,2026-05-10 13:30:00 UTC,h00v00,452.0,2817.0,0.1521984,0.0918017
sultanpur,26.305,83.079,2026-05-10 16:30:00 UTC,h00v00,452.0,2817.0,0.1521268,0.0916351
sultanpur,26.305,83.079,2026-05-10 19:30:00 UTC,h00v00,452.0,2817.0,0.1520332,0.091758
sultanpur,26.305,83.079,2026-05-10 22:30:00 UTC,h00v00,452.0,2817.0,0.1520451,0.0916896
sultanpur,26.305,83.079,2026-05-11 01:30:00 UTC,h00v00,452.0,2817.0,0.1519866,0.091681
sultanpur,26.305,83.079,2026-05-11 04:30:00 UTC,h00v00,452.0,2817.0,0.1517966,0.0894832
sultanpur,26.305,83.079,2026-05-11 07:30:00 UTC,h00v00,452.0,2817.0,0.1514611,0.0846775
sultanpur,26.305,83.079,2026-05-11 10:30:00 UTC,h00v00,452.0,2817.0,0.1511159,0.0803075
sultanpur,26.305,83.079,2026-05-11 13:30:00 UTC,h00v00,452.0,2817.0,0.1506999,0.0712973
sultanpur,26.305,83.079,2026-05-11 16:30:00 UTC,h00v00,452.0,2817.0,0.1506366,0.0718967
sultanpur,26.305,83.079,2026-05-11 19:30:00 UTC,h00v00,452.0,2817.0,0.1506001,0.072738
sultanpur,26.305,83.079,2026-05-11 22:30:00 UTC,h00v00,452.0,2817.0,0.1506352,0.073466
sultanpur,26.305,83.079,2026-05-12 01:30:00 UTC,h00v00,452.0,2817.0,0.1505831,0.0738857
sultanpur,26.305,83.079,2026-05-12 04:30:00 UTC,h00v00,452.0,2817.0,0.1504336,0.0731169
sultanpur,26.305,83.079,2026-05-12 07:30:00 UTC,h00v00,452.0,2817.0,0.1501563,0.0700659
sultanpur,26.305,83.079,2026-05-12 10:30:00 UTC,h00v00,452.0,2817.0,0.1499232,0.0672317
sultanpur,26.305,83.079,2026-05-12 13:30:00 UTC,h00v00,452.0,2817.0,0.1498544,0.0671928
sultanpur,26.305,83.079,2026-05-12 16:30:00 UTC,h00v00,452.0,2817.0,0.1498169,0.0685449
sultanpur,26.305,83.079,2026-05-12 19:30:00 UTC,h00v00,452.0,2817.0,0.149833,0.0697876
sultanpur,26.305,83.079,2026-05-12 22:30:00 UTC,h00v00,452.0,2817.0,0.1498493,0.0707088
sultanpur,26.305,83.079,2026-05-13 01:30:00 UTC,h00v00,452.0,2817.0,0.1491822,0.0582861
sultanpur,26.305,83.079,2026-05-13 04:30:00 UTC,h00v00,452.0,2817.0,0.1490672,0.0582244
sultanpur,26.305,83.079,2026-05-13 07:30:00 UTC,h00v00,452.0,2817.0,0.1488848,0.0569547
sultanpur,26.305,83.079,2026-05-13 10:30:00 UTC,h00v00,452.0,2817.0,0.148742,0.0559288
sultanpur,26.305,83.079,2026-05-13 13:30:00 UTC,h00v00,452.0,2817.0,0.148655,0.0561672
sultanpur,26.305,83.079,2026-05-13 16:30:00 UTC,h00v00,452.0,2817.0,0.1486965,0.0563009
sultanpur,26.305,83.079,2026-05-13 19:30:00 UTC,h00v00,452.0,2817.0,0.1487447,0.0580484
sultanpur,26.305,83.079,2026-05-13 22:30:00 UTC,h00v00,452.0,2817.0,0.1488727,0.0611046
sultanpur,26.305,83.079,2026-05-14 01:30:00 UTC,h00v00,452.0,2817.0,0.1488786,0.0625199
sultanpur,26.305,83.079,2026-05-14 04:30:00 UTC,h00v00,452.0,2817.0,0.1488096,0.0625412
sultanpur,26.305,83.079,2026-05-14 07:30:00 UTC,h00v00,452.0,2817.0,0.1486172,0.0606154
sultanpur,26.305,83.079,2026-05-14 10:30:00 UTC,h00v00,452.0,2817.0,0.1484746,0.0584312
sultanpur,26.305,83.079,2026-05-14 13:30:00 UTC,h00v00,452.0,2817.0,0.1478622,0.0484289
sultanpur,26.305,83.079,2026-05-14 16:30:00 UTC,h00v00,452.0,2817.0,0.1478707,0.0493442
sultanpur,26.305,83.079,2026-05-14 19:30:00 UTC,h00v00,452.0,2817.0,0.1478724,0.0502217
sultanpur,26.305,83.079,2026-05-14 22:30:00 UTC,h00v00,452.0,2817.0,0.1478916,0.0511916
sultanpur,26.305,83.079,2026-05-15 01:30:00 UTC,h00v00,452.0,2817.0,0.1478921,0.0520345
sultanpur,26.305,83.079,2026-05-15 04:30:00 UTC,h00v00,452.0,2817.0,0.1477871,0.0520258
sultanpur,26.305,83.079,2026-05-15 07:30:00 UTC,h00v00,452.0,2817.0,0.1476355,0.0505329
sultanpur,26.305,83.079,2026-05-15 10:30:00 UTC,h00v00,452.0,2817.0,0.1474531,0.0497454
sultanpur,26.305,83.079,2026-05-15 13:30:00 UTC,h00v00,452.0,2817.0,0.1474307,0.0507385
sultanpur,26.305,83.079,2026-05-15 16:30:00 UTC,h00v00,452.0,2817.0,0.1474382,0.0515982
sultanpur,26.305,83.079,2026-05-15 19:30:00 UTC,h00v00,452.0,2817.0,0.1474418,0.0523497
sultanpur,26.305,83.079,2026-05-15 22:30:00 UTC,h00v00,452.0,2817.0,0.1474736,0.0540335
sultanpur,26.305,83.079,2026-05-16 01:30:00 UTC,h00v00,452.0,2817.0,0.1470008,0.0442096
sultanpur,26.305,83.079,2026-05-16 04:30:00 UTC,h00v00,452.0,2817.0,0.1469122,0.044
sultanpur,26.305,83.079,2026-05-16 07:30:00 UTC,h00v00,452.0,2817.0,0.1467421,0.0431091
sultanpur,26.305,83.079,2026-05-16 10:30:00 UTC,h00v00,452.0,2817.0,0.1466245,0.0428405
sultanpur,26.305,83.079,2026-05-16 13:30:00 UTC,h00v00,452.0,2817.0,0.1461134,0.0340574
sultanpur,26.305,83.079,2026-05-16 16:30:00 UTC,h00v00,452.0,2817.0,0.1461406,0.0364943
sultanpur,26.305,83.079,2026-05-16 19:30:00 UTC,h00v00,452.0,2817.0,0.1461608,0.0379807
sultanpur,26.305,83.079,2026-05-16 22:30:00 UTC,h00v00,452.0,2817.0,0.146198,0.0397347
sultanpur,26.305,83.079,2026-05-17 01:30:00 UTC,h00v00,452.0,2817.0,0.1462664,0.0421562
sultanpur,26.305,83.079,2026-05-17 04:30:00 UTC,h00v00,452.0,2817.0,0.1461936,0.0434602
sultanpur,26.305,83.079,2026-05-17 07:30:00 UTC,h00v00,452.0,2817.0,0.146014,0.0426802
sultanpur,26.305,83.079,2026-05-17 10:30:00 UTC,h00v00,452.0,2817.0,0.1458327,0.0419831
sultanpur,26.305,83.079,2026-05-17 13:30:00 UTC,h00v00,452.0,2817.0,0.1456895,0.0388509
sultanpur,26.305,83.079,2026-05-17 16:30:00 UTC,h00v00,452.0,2817.0,0.1456986,0.0397012
sultanpur,26.305,83.079,2026-05-17 19:30:00 UTC,h00v00,452.0,2817.0,0.1457105,0.0409057
sultanpur,26.305,83.079,2026-05-17 22:30:00 UTC,h00v00,452.0,2817.0,0.1457127,0.0423969
sultanpur,26.305,83.079,2026-05-18 01:30:00 UTC,h00v00,452.0,2817.0,0.1456426,0.0412979
sultanpur,26.305,83.079,2026-05-18 04:30:00 UTC,h00v00,452.0,2817.0,0.1455349,0.0423838
sultanpur,26.305,83.079,2026-05-18 07:30:00 UTC,h00v00,452.0,2817.0,0.1454075,0.0419812
sultanpur,26.305,83.079,2026-05-18 10:30:00 UTC,h00v00,452.0,2817.0,0.1453002,0.0418135
sultanpur,26.305,83.079,2026-05-18 13:30:00 UTC,h00v00,452.0,2817.0,0.145312,0.0436505
sultanpur,26.305,83.079,2026-05-18 16:30:00 UTC,h00v00,452.0,2817.0,0.1453048,0.0461177
sultanpur,26.305,83.079,2026-05-18 19:30:00 UTC,h00v00,452.0,2817.0,0.1453331,0.0485531
sultanpur,26.305,83.079,2026-05-18 22:30:00 UTC,h00v00,452.0,2817.0,0.1453656,0.0506547
sultanpur,26.305,83.079,2026-05-19 01:30:00 UTC,h00v00,452.0,2817.0,0.1454214,0.0529175
sultanpur,26.305,83.079,2026-05-19 04:30:00 UTC,h00v00,452.0,2817.0,0.1454171,0.054678
sultanpur,26.305,83.079,2026-05-19 07:30:00 UTC,h00v00,452.0,2817.0,0.1452709,0.0536125
sultanpur,26.305,83.079,2026-05-19 10:30:00 UTC,h00v00,452.0,2817.0,0.1451168,0.05265
sultanpur,26.305,83.079,2026-05-19 13:30:00 UTC,h00v00,452.0,2817.0,0.144835,0.0464055
sultanpur,26.305,83.079,2026-05-19 16:30:00 UTC,h00v00,452.0,2817.0,0.144845,0.0468951
sultanpur,26.305,83.079,2026-05-19 19:30:00 UTC,h00v00,452.0,2817.0,0.144856,0.0481305
sultanpur,26.305,83.079,2026-05-19 22:30:00 UTC,h00v00,452.0,2817.0,0.1448645,0.049898
sultanpur,26.305,83.079,2026-05-20 01:30:00 UTC,h00v00,452.0,2817.0,0.144924,0.0519795
sultanpur,26.305,83.079,2026-05-20 04:30:00 UTC,h00v00,452.0,2817.0,0.1448697,0.0532193
sultanpur,26.305,83.079,2026-05-20 07:30:00 UTC,h00v00,452.0,2817.0,0.1446905,0.0525242
sultanpur,26.305,83.079,2026-05-20 10:30:00 UTC,h00v00,452.0,2817.0,0.1445293,0.051404
sultanpur,26.305,83.079,2026-05-20 13:30:00 UTC,h00v00,452.0,2817.0,0.1444807,0.0516524
sultanpur,26.305,83.079,2026-05-20 16:30:00 UTC,h00v00,452.0,2817.0,0.1445235,0.0528695
sultanpur,26.305,83.079,2026-05-20 19:30:00 UTC,h00v00,452.0,2817.0,0.1445392,0.0542838
sultanpur,26.305,83.079,2026-05-20 22:30:00 UTC,h00v00,452.0,2817.0,0.1445762,0.0565507
sultanpur,26.305,83.079,2026-05-21 01:30:00 UTC,h00v00,452.0,2817.0,0.1434696,0.0342337
sultanpur,26.305,83.079,2026-05-21 04:30:00 UTC,h00v00,452.0,2817.0,0.1434122,0.0353037
sultanpur,26.305,83.079,2026-05-21 07:30:00 UTC,h00v00,452.0,2817.0,0.1433184,0.0361606
sultanpur,26.305,83.079,2026-05-21 10:30:00 UTC,h00v00,452.0,2817.0,0.1432006,0.0359502
sultanpur,26.305,83.079,2026-05-21 13:30:00 UTC,h00v00,452.0,2817.0,0.1431908,0.0360739
sultanpur,26.305,83.079,2026-05-21 16:30:00 UTC,h00v00,452.0,2817.0,0.1431835,0.0368383
sultanpur,26.305,83.079,2026-05-21 19:30:00 UTC,h00v00,452.0,2817.0,0.1432025,0.0381174
sultanpur,26.305,83.079,2026-05-21 22:30:00 UTC,h00v00,452.0,2817.0,0.1431724,0.0389537
sultanpur,26.305,83.079,2026-05-22 01:30:00 UTC,h00v00,452.0,2817.0,0.1432037,0.0394655
sultanpur,26.305,83.079,2026-05-22 04:30:00 UTC,h00v00,452.0,2817.0,0.1430864,0.0396844
sultanpur,26.305,83.079,2026-05-22 07:30:00 UTC,h00v00,452.0,2817.0,0.1429938,0.0403
sultanpur,26.305,83.079,2026-05-22 10:30:00 UTC,h00v00,452.0,2817.0,0.1429419,0.040835
sultanpur,26.305,83.079,2026-05-22 13:30:00 UTC,h00v00,452.0,2817.0,0.1426359,0.0352597
sultanpur,26.305,83.079,2026-05-22 16:30:00 UTC,h00v00,452.0,2817.0,0.1426347,0.0367125
sultanpur,26.305,83.079,2026-05-22 19:30:00 UTC,h00v00,452.0,2817.0,0.1426787,0.0386029
sultanpur,26.305,83.079,2026-05-22 22:30:00 UTC,h00v00,452.0,2817.0,0.1427391,0.0400335
sultanpur,26.305,83.079,2026-05-23 01:30:00 UTC,h00v00,452.0,2817.0,0.142788,0.0416902
sultanpur,26.305,83.079,2026-05-23 04:30:00 UTC,h00v00,452.0,2817.0,0.142693,0.0421045
sultanpur,26.305,83.079,2026-05-23 07:30:00 UTC,h00v00,452.0,2817.0,0.1425507,0.0416071
sultanpur,26.305,83.079,2026-05-23 10:30:00 UTC,h00v00,452.0,2817.0,0.1424393,0.0405625
sultanpur,26.305,83.079,2026-05-23 13:30:00 UTC,h00v00,452.0,2817.0,0.1423707,0.0407866
sultanpur,26.305,83.079,2026-05-23 16:30:00 UTC,h00v00,452.0,2817.0,0.1423488,0.0421567
sultanpur,26.305,83.079,2026-05-23 19:30:00 UTC,h00v00,452.0,2817.0,0.1423677,0.0433457
sultanpur,26.305,83.079,2026-05-23 22:30:00 UTC,h00v00,452.0,2817.0,0.1423882,0.0441442
sultanpur,26.305,83.079,2026-05-24 01:30:00 UTC,h00v00,452.0,2817.0,0.1422331,0.0402548
sultanpur,26.305,83.079,2026-05-24 04:30:00 UTC,h00v00,452.0,2817.0,0.1421829,0.0403205
sultanpur,26.305,83.079,2026-05-24 07:30:00 UTC,h00v00,452.0,2817.0,0.1420501,0.0395148
sultanpur,26.305,83.079,2026-05-24 10:30:00 UTC,h00v00,452.0,2817.0,0.1419387,0.0391178
sultanpur,26.305,83.079,2026-05-24 13:30:00 UTC,h00v00,452.0,2817.0,0.1416261,0.0309824
sultanpur,26.305,83.079,2026-05-24 16:30:00 UTC,h00v00,452.0,2817.0,0.1415902,0.0315764
sultanpur,26.305,83.079,2026-05-24 19:30:00 UTC,h00v00,452.0,2817.0,0.1416186,0.0329192
sultanpur,26.305,83.079,2026-05-24 22:30:00 UTC,h00v00,452.0,2817.0,0.1416309,0.0347285
sultanpur,26.305,83.079,2026-05-25 01:30:00 UTC,h00v00,452.0,2817.0,0.1416498,0.0361183
sultanpur,26.305,83.079,2026-05-25 04:30:00 UTC,h00v00,452.0,2817.0,0.1416458,0.0381186
sultanpur,26.305,83.079,2026-05-25 07:30:00 UTC,h00v00,452.0,2817.0,0.1415854,0.0396979
sultanpur,26.305,83.079,2026-05-25 10:30:00 UTC,h00v00,452.0,2817.0,0.1414694,0.0401933
sultanpur,26.305,83.079,2026-05-25 13:30:00 UTC,h00v00,452.0,2817.0,0.1413408,0.0366621
sultanpur,26.305,83.079,2026-05-25 16:30:00 UTC,h00v00,452.0,2817.0,0.1413622,0.0385701
sultanpur,26.305,83.079,2026-05-25 19:30:00 UTC,h00v00,452.0,2817.0,0.1424937,0.0619073
sultanpur,26.305,83.079,2026-05-25 22:30:00 UTC,h00v00,452.0,2817.0,0.1441103,0.0945847
sultanpur,26.305,83.079,2026-05-26 01:30:00 UTC,h00v00,452.0,2817.0,0.1457323,0.1244112
sultanpur,26.305,83.079,2026-05-26 04:30:00 UTC,h00v00,452.0,2817.0,0.1456816,0.1235255
sultanpur,26.305,83.079,2026-05-26 07:30:00 UTC,h00v00,452.0,2817.0,0.1452372,0.1144114
sultanpur,26.305,83.079,2026-05-26 10:30:00 UTC,h00v00,452.0,2817.0,0.1447371,0.1056248
sultanpur,26.305,83.079,2026-05-26 13:30:00 UTC,h00v00,452.0,2817.0,0.1445664,0.1018296
sultanpur,26.305,83.079,2026-05-26 16:30:00 UTC,h00v00,452.0,2817.0,0.1444706,0.1005241
sultanpur,26.305,83.079,2026-05-26 19:30:00 UTC,h00v00,452.0,2817.0,0.1444467,0.0996516
sultanpur,26.305,83.079,2026-05-26 22:30:00 UTC,h00v00,452.0,2817.0,0.1444484,0.099059
sultanpur,26.305,83.079,2026-05-27 01:30:00 UTC,h00v00,452.0,2817.0,0.1444405,0.0981289
sultanpur,26.305,83.079,2026-05-27 04:30:00 UTC,h00v00,452.0,2817.0,0.1442847,0.0954608
sultanpur,26.305,83.079,2026-05-27 07:30:00 UTC,h00v00,452.0,2817.0,0.1439614,0.0901922
sultanpur,26.305,83.079,2026-05-27 10:30:00 UTC,h00v00,452.0,2817.0,0.1436826,0.085563
sultanpur,26.305,83.079,2026-05-27 13:30:00 UTC,h00v00,452.0,2817.0,0.1415332,0.050886
sultanpur,26.305,83.079,2026-05-27 16:30:00 UTC,h00v00,452.0,2817.0,0.141527,0.0517289
sultanpur,26.305,83.079,2026-05-27 19:30:00 UTC,h00v00,452.0,2817.0,0.1415395,0.0527023
sultanpur,26.305,83.079,2026-05-27 22:30:00 UTC,h00v00,452.0,2817.0,0.1415657,0.0535827
sultanpur,26.305,83.079,2026-05-28 01:30:00 UTC,h00v00,452.0,2817.0,0.1415464,0.054449
sultanpur,26.305,83.079,2026-05-28 04:30:00 UTC,h00v00,452.0,2817.0,0.1415677,0.0556627
sultanpur,26.305,83.079,2026-05-28 07:30:00 UTC,h00v00,452.0,2817.0,0.1414944,0.0557535
sultanpur,26.305,83.079,2026-05-28 10:30:00 UTC,h00v00,452.0,2817.0,0.1413732,0.0550026
sultanpur,26.305,83.079,2026-05-28 13:30:00 UTC,h00v00,452.0,2817.0,0.1421489,0.0708683
sultanpur,26.305,83.079,2026-05-28 16:30:00 UTC,h00v00,452.0,2817.0,0.143424,0.0960511
sultanpur,26.305,83.079,2026-05-28 19:30:00 UTC,h00v00,452.0,2817.0,0.1450474,0.1265914
sultanpur,26.305,83.079,2026-05-28 22:30:00 UTC,h00v00,452.0,2817.0,0.146801,0.1562075
sultanpur,26.305,83.079,2026-05-29 01:30:00 UTC,h00v00,452.0,2817.0,0.1570432,0.2686082
sultanpur,26.305,83.079,2026-05-29 04:30:00 UTC,h00v00,452.0,2817.0,0.1601779,0.2525465
sultanpur,26.305,83.079,2026-05-29 07:30:00 UTC,h00v00,452.0,2817.0,0.1603425,0.2107854
sultanpur,26.305,83.079,2026-05-29 10:30:00 UTC,h00v00,452.0,2817.0,0.1591272,0.1772178
sultanpur,26.305,83.079,2026-05-29 13:30:00 UTC,h00v00,452.0,2817.0,0.1584696,0.1643491
sultanpur,26.305,83.079,2026-05-29 16:30:00 UTC,h00v00,452.0,2817.0,0.1581389,0.158952
sultanpur,26.305,83.079,2026-05-29 19:30:00 UTC,h00v00,452.0,2817.0,0.1578106,0.1555856
sultanpur,26.305,83.079,2026-05-29 22:30:00 UTC,h00v00,452.0,2817.0,0.1575317,0.153069
sultanpur,26.305,83.079,2026-05-30 01:30:00 UTC,h00v00,452.0,2817.0,0.1572717,0.1503519
sultanpur,26.305,83.079,2026-05-30 04:30:00 UTC,h00v00,452.0,2817.0,0.156789,0.1433571
sultanpur,26.305,83.079,2026-05-30 07:30:00 UTC,h00v00,452.0,2817.0,0.1559936,0.1319061
sultanpur,26.305,83.079,2026-05-30 10:30:00 UTC,h00v00,452.0,2817.0,0.1553012,0.1227901
sultanpur,26.305,83.079,2026-05-30 13:30:00 UTC,h00v00,452.0,2817.0,0.1549108,0.1203829
sultanpur,26.305,83.079,2026-05-30 16:30:00 UTC,h00v00,452.0,2817.0,0.1547328,0.1201653
sultanpur,26.305,83.079,2026-05-30 19:30:00 UTC,h00v00,452.0,2817.0,0.1545734,0.1203648
sultanpur,26.305,83.079,2026-05-30 22:30:00 UTC,h00v00,452.0,2817.0,0.1544744,0.1208565
sultanpur,26.305,83.079,2026-05-31 01:30:00 UTC,h00v00,452.0,2817.0,0.1543463,0.1204363
sultanpur,26.305,83.079,2026-05-31 04:30:00 UTC,h00v00,452.0,2817.0,0.154057,0.1165526
sultanpur,26.305,83.079,2026-05-31 07:30:00 UTC,h00v00,452.0,2817.0,0.1534906,0.1089254
sultanpur,26.305,83.079,2026-05-31 10:30:00 UTC,h00v00,452.0,2817.0,0.1530508,0.1024073
sultanpur,26.305,83.079,2026-05-31 13:30:00 UTC,h00v00,452.0,2817.0,0.1528198,0.0998395
sultanpur,26.305,83.079,2026-05-31 16:30:00 UTC,h00v00,452.0,2817.0,0.1527329,0.0997647
sultanpur,26.305,83.079,2026-05-31 19:30:00 UTC,h00v00,452.0,2817.0,0.1526382,0.0999276
sultanpur,26.305,83.079,2026-05-31 22:30:00 UTC,h00v00,452.0,2817.0,0.1526079,0.100193
sultanpur,26.305,83.079,2026-06-01 01:30:00 UTC,h00v00,452.0,2817.0,0.151366,0.0788464
sultanpur,26.305,83.079,2026-06-01 04:30:00 UTC,h00v00,452.0,2817.0,0.1512037,0.077598
sultanpur,26.305,83.079,2026-06-01 07:30:00 UTC,h00v00,452.0,2817.0,0.1508933,0.0739652
sultanpur,26.305,83.079,2026-06-01 10:30:00 UTC,h00v00,452.0,2817.0,0.1508002,0.0739431
sultanpur,26.305,83.079,2026-06-01 13:30:00 UTC,h00v00,452.0,2817.0,0.1507792,0.0752117
sultanpur,26.305,83.079,2026-06-01 16:30:00 UTC,h00v00,452.0,2817.0,0.1507179,0.0760724
sultanpur,26.305,83.079,2026-06-01 19:30:00 UTC,h00v00,452.0,2817.0,0.1508275,0.0785023
sultanpur,26.305,83.079,2026-06-01 22:30:00 UTC,h00v00,452.0,2817.0,0.1510631,0.0850352
sultanpur,26.305,83.079,2026-06-02 01:30:00 UTC,h00v00,452.0,2817.0,0.1510471,0.0853842
sultanpur,26.305,83.079,2026-06-02 04:30:00 UTC,h00v00,452.0,2817.0,0.1508423,0.0829238
sultanpur,26.305,83.079,2026-06-02 07:30:00 UTC,h00v00,452.0,2817.0,0.1505964,0.0801646
sultanpur,26.305,83.079,2026-06-02 10:30:00 UTC,h00v00,452.0,2817.0,0.1505565,0.0810188
sultanpur,26.305,83.079,2026-06-02 13:30:00 UTC,h00v00,452.0,2817.0,0.1490107,0.0516994
sultanpur,26.305,83.079,2026-06-02 16:30:00 UTC,h00v00,452.0,2817.0,0.1489329,0.0520891
sultanpur,26.305,83.079,2026-06-02 19:30:00 UTC,h00v00,452.0,2817.0,0.14935,0.0605893
sultanpur,26.305,83.079,2026-06-02 22:30:00 UTC,h00v00,452.0,2817.0,0.1504857,0.0845142
sultanpur,26.305,83.079,2026-06-03 01:30:00 UTC,h00v00,452.0,2817.0,0.1503515,0.0818099
sultanpur,26.305,83.079,2026-06-03 04:30:00 UTC,h00v00,452.0,2817.0,0.1501884,0.0799057
sultanpur,26.305,83.079,2026-06-03 07:30:00 UTC,h00v00,452.0,2817.0,0.1499102,0.0757481
sultanpur,26.305,83.079,2026-06-03 10:30:00 UTC,h00v00,452.0,2817.0,0.1496808,0.0720772
sultanpur,26.305,83.079,2026-06-03 13:30:00 UTC,h00v00,452.0,2817.0,0.1499881,0.080337
sultanpur,26.305,83.079,2026-06-03 16:30:00 UTC,h00v00,452.0,2817.0,0.1522021,0.1237251
sultanpur,26.305,83.079,2026-06-03 19:30:00 UTC,h00v00,452.0,2817.0,0.152636,0.131094
sultanpur,26.305,83.079,2026-06-03 22:30:00 UTC,h00v00,452.0,2817.0,0.1535269,0.1466775
sultanpur,26.305,83.079,2026-06-04 01:30:00 UTC,h00v00,452.0,2817.0,0.1536333,0.1452735
sultanpur,26.305,83.079,2026-06-04 04:30:00 UTC,h00v00,452.0,2817.0,0.1531615,0.1348731
sultanpur,26.305,83.079,2026-06-04 07:30:00 UTC,h00v00,452.0,2817.0,0.1524419,0.1211537
sultanpur,26.305,83.079,2026-06-04 10:30:00 UTC,h00v00,452.0,2817.0,0.1518896,0.1112504
sultanpur,26.305,83.079,2026-06-04 13:30:00 UTC,h00v00,452.0,2817.0,0.1507733,0.09425
sultanpur,26.305,83.079,2026-06-04 16:30:00 UTC,h00v00,452.0,2817.0,0.1507062,0.0937724
sultanpur,26.305,83.079,2026-06-04 19:30:00 UTC,h00v00,452.0,2817.0,0.1506782,0.0936251
sultanpur,26.305,83.079,2026-06-04 22:30:00 UTC,h00v00,452.0,2817.0,0.1506617,0.0936113
sultanpur,26.305,83.079,2026-06-05 01:30:00 UTC,h00v00,452.0,2817.0,0.1506415,0.0933181
sultanpur,26.305,83.079,2026-06-05 04:30:00 UTC,h00v00,452.0,2817.0,0.1504897,0.091447
sultanpur,26.305,83.079,2026-06-05 07:30:00 UTC,h00v00,452.0,2817.0,0.1502183,0.0868217
sultanpur,26.305,83.079,2026-06-05 10:30:00 UTC,h00v00,452.0,2817.0,0.1498821,0.0820053
sultanpur,26.305,83.079,2026-06-05 13:30:00 UTC,h00v00,452.0,2817.0,0.149801,0.0809599
sultanpur,26.305,83.079,2026-06-05 16:30:00 UTC,h00v00,452.0,2817.0,0.149742,0.0811219
sultanpur,26.305,83.079,2026-06-05 19:30:00 UTC,h00v00,452.0,2817.0,0.1497693,0.0817336
sultanpur,26.305,83.079,2026-06-05 22:30:00 UTC,h00v00,452.0,2817.0,0.1501058,0.089243
sultanpur,26.305,83.079,2026-06-06 01:30:00 UTC,h00v00,452.0,2817.0,0.1495422,0.0788764
sultanpur,26.305,83.079,2026-06-06 04:30:00 UTC,h00v00,452.0,2817.0,0.1495003,0.0789849
sultanpur,26.305,83.079,2026-06-06 07:30:00 UTC,h00v00,452.0,2817.0,0.1493812,0.0783863
sultanpur,26.305,83.079,2026-06-06 10:30:00 UTC,h00v00,452.0,2817.0,0.1493032,0.0779722
sultanpur,26.305,83.079,2026-06-06 13:30:00 UTC,h00v00,452.0,2817.0,0.1493349,0.0799679
sultanpur,26.305,83.079,2026-06-06 16:30:00 UTC,h00v00,452.0,2817.0,0.1494839,0.0835329
sultanpur,26.305,83.079,2026-06-06 19:30:00 UTC,h00v00,452.0,2817.0,0.1495523,0.0859379
sultanpur,26.305,83.079,2026-06-06 22:30:00 UTC,h00v00,452.0,2817.0,0.1496457,0.0872048
sultanpur,26.305,83.079,2026-06-07 01:30:00 UTC,h00v00,452.0,2817.0,0.1496445,0.0881242
sultanpur,26.305,83.079,2026-06-07 04:30:00 UTC,h00v00,452.0,2817.0,0.1494647,0.0851224
sultanpur,26.305,83.079,2026-06-07 07:30:00 UTC,h00v00,452.0,2817.0,0.1491055,0.0794116
sultanpur,26.305,83.079,2026-06-07 10:30:00 UTC,h00v00,452.0,2817.0,0.1487683,0.0745728
sultanpur,26.305,83.079,2026-06-07 13:30:00 UTC,h00v00,452.0,2817.0,0.1473068,0.0518414
sultanpur,26.305,83.079,2026-06-07 16:30:00 UTC,h00v00,452.0,2817.0,0.1473867,0.0543168
sultanpur,26.305,83.079,2026-06-07 19:30:00 UTC,h00v00,452.0,2817.0,0.1473949,0.0565242
sultanpur,26.305,83.079,2026-06-07 22:30:00 UTC,h00v00,452.0,2817.0,0.1474513,0.0575765
sultanpur,26.305,83.079,2026-06-08 01:30:00 UTC,h00v00,452.0,2817.0,0.1473377,0.0566242
sultanpur,26.305,83.079,2026-06-08 04:30:00 UTC,h00v00,452.0,2817.0,0.1472425,0.0557369
sultanpur,26.305,83.079,2026-06-08 07:30:00 UTC,h00v00,452.0,2817.0,0.1469783,0.0535632
sultanpur,26.305,83.079,2026-06-08 10:30:00 UTC,h00v00,452.0,2817.0,0.1468369,0.0526951
sultanpur,26.305,83.079,2026-06-08 13:30:00 UTC,h00v00,452.0,2817.0,0.1467851,0.0538683
sultanpur,26.305,83.079,2026-06-08 16:30:00 UTC,h00v00,452.0,2817.0,0.1467792,0.0560956
sultanpur,26.305,83.079,2026-06-08 19:30:00 UTC,h00v00,452.0,2817.0,0.146856,0.0578589
sultanpur,26.305,83.079,2026-06-08 22:30:00 UTC,h00v00,452.0,2817.0,0.1469202,0.0607322
sultanpur,26.305,83.079,2026-06-09 01:30:00 UTC,h00v00,452.0,2817.0,0.1462798,0.0470791
sultanpur,26.305,83.079,2026-06-09 04:30:00 UTC,h00v00,452.0,2817.0,0.1461804,0.0470921
sultanpur,26.305,83.079,2026-06-09 07:30:00 UTC,h00v00,452.0,2817.0,0.1460655,0.0464921
sultanpur,26.305,83.079,2026-06-09 10:30:00 UTC,h00v00,452.0,2817.0,0.1459245,0.0462157
sultanpur,26.305,83.079,2026-06-09 13:30:00 UTC,h00v00,452.0,2817.0,0.1453047,0.0340636
sultanpur,26.305,83.079,2026-06-09 16:30:00 UTC,h00v00,452.0,2817.0,0.1453098,0.035247
sultanpur,26.305,83.079,2026-06-09 19:30:00 UTC,h00v00,452.0,2817.0,0.1453599,0.0370541
sultanpur,26.305,83.079,2026-06-09 22:30:00 UTC,h00v00,452.0,2817.0,0.145536,0.0422648
sultanpur,26.305,83.079,2026-06-10 01:30:00 UTC,h00v00,452.0,2817.0,0.1457144,0.0467472
sultanpur,26.305,83.079,2026-06-10 04:30:00 UTC,h00v00,452.0,2817.0,0.1456342,0.0481179
sultanpur,26.305,83.079,2026-06-10 07:30:00 UTC,h00v00,452.0,2817.0,0.1454923,0.0471352
sultanpur,26.305,83.079,2026-06-10 10:30:00 UTC,h00v00,452.0,2817.0,0.1453821,0.0468456
sultanpur,26.305,83.079,2026-06-10 13:30:00 UTC,h00v00,452.0,2817.0,0.1453798,0.0445683
sultanpur,26.305,83.079,2026-06-10 16:30:00 UTC,h00v00,452.0,2817.0,0.1488275,0.1124452
sultanpur,26.305,83.079,2026-06-10 19:30:00 UTC,h00v00,452.0,2817.0,0.1546853,0.2047484
sultanpur,26.305,83.079,2026-06-10 22:30:00 UTC,h00v00,452.0,2817.0,0.1640737,0.2818628
sultanpur,26.305,83.079,2026-06-11 01:30:00 UTC,h00v00,452.0,2817.0,0.2277352,0.343707
sultanpur,26.305,83.079,2026-06-11 04:30:00 UTC,h00v00,452.0,2817.0,0.2257585,0.2848262
sultanpur,26.305,83.079,2026-06-11 07:30:00 UTC,h00v00,452.0,2817.0,0.2222912,0.2500421
sultanpur,26.305,83.079,2026-06-11 10:30:00 UTC,h00v00,452.0,2817.0,0.2188275,0.2239482
sultanpur,26.305,83.079,2026-06-11 13:30:00 UTC,h00v00,452.0,2817.0,0.2164175,0.2130889
sultanpur,26.305,83.079,2026-06-11 16:30:00 UTC,h00v00,452.0,2817.0,0.2147143,0.2079614
sultanpur,26.305,83.079,2026-06-11 19:30:00 UTC,h00v00,452.0,2817.0,0.2131447,0.2038983
sultanpur,26.305,83.079,2026-06-11 22:30:00 UTC,h00v00,452.0,2817.0,0.211759,0.2012733
sultanpur,26.305,83.079,2026-06-12 01:30:00 UTC,h00v00,452.0,2817.0,0.210416,0.1985451
sultanpur,26.305,83.079,2026-06-12 04:30:00 UTC,h00v00,452.0,2817.0,0.2085983,0.1894974
sultanpur,26.305,83.079,2026-06-12 07:30:00 UTC,h00v00,452.0,2817.0,0.2063671,0.1741448
sultanpur,26.305,83.079,2026-06-12 10:30:00 UTC,h00v00,452.0,2817.0,0.2044481,0.1613164
sultanpur,26.305,83.079,2026-06-12 13:30:00 UTC,h00v00,452.0,2817.0,0.2084936,0.2221064
sultanpur,26.305,83.079,2026-06-12 16:30:00 UTC,h00v00,452.0,2817.0,0.2076422,0.2175807
sultanpur,26.305,83.079,2026-06-12 19:30:00 UTC,h00v00,452.0,2817.0,0.2069038,0.2149459
sultanpur,26.305,83.079,2026-06-12 22:30:00 UTC,h00v00,452.0,2817.0,0.2062419,0.2122912
sultanpur,26.305,83.079,2026-06-13 01:30:00 UTC,h00v00,452.0,2817.0,0.2055234,0.2090999
sultanpur,26.305,83.079,2026-06-13 04:30:00 UTC,h00v00,452.0,2817.0,0.2042867,0.1980402
sultanpur,26.305,83.079,2026-06-13 07:30:00 UTC,h00v00,452.0,2817.0,0.2026117,0.1814582
sultanpur,26.305,83.079,2026-06-13 10:30:00 UTC,h00v00,452.0,2817.0,0.2009993,0.1665014
sultanpur,26.305,83.079,2026-06-13 13:30:00 UTC,h00v00,452.0,2817.0,0.2010176,0.178459
sultanpur,26.305,83.079,2026-06-13 16:30:00 UTC,h00v00,452.0,2817.0,0.2013936,0.1908878
sultanpur,26.305,83.079,2026-06-13 19:30:00 UTC,h00v00,452.0,2817.0,0.2012953,0.1941968
sultanpur,26.305,83.079,2026-06-13 22:30:00 UTC,h00v00,452.0,2817.0,0.2019187,0.2097303
sultanpur,26.305,83.079,2026-06-14 01:30:00 UTC,h00v00,452.0,2817.0,0.2033796,0.2316118
sultanpur,26.305,83.079,2026-06-14 04:30:00 UTC,h00v00,452.0,2817.0,0.2022052,0.2117752
sultanpur,26.305,83.079,2026-06-14 07:30:00 UTC,h00v00,452.0,2817.0,0.200534,0.1893225
sultanpur,26.305,83.079,2026-06-14 10:30:00 UTC,h00v00,452.0,2817.0,0.1990191,0.171306
sultanpur,26.305,83.079,2026-06-14 13:30:00 UTC,h00v00,452.0,2817.0,0.1983505,0.1647701
sultanpur,26.305,83.079,2026-06-14 16:30:00 UTC,h00v00,452.0,2817.0,0.1981027,0.1637339
sultanpur,26.305,83.079,2026-06-14 19:30:00 UTC,h00v00,452.0,2817.0,0.1979205,0.1630903
sultanpur,26.305,83.079,2026-06-14 22:30:00 UTC,h00v00,452.0,2817.0,0.1977506,0.1628812
sultanpur,26.305,83.079,2026-06-15 01:30:00 UTC,h00v00,452.0,2817.0,0.1975823,0.1624216
sultanpur,26.305,83.079,2026-06-15 04:30:00 UTC,h00v00,452.0,2817.0,0.1968176,0.1551673
sultanpur,26.305,83.079,2026-06-15 07:30:00 UTC,h00v00,452.0,2817.0,0.1955643,0.1420522
sultanpur,26.305,83.079,2026-06-15 10:30:00 UTC,h00v00,452.0,2817.0,0.1945167,0.1318717
sultanpur,26.305,83.079,2026-06-15 13:30:00 UTC,h00v00,452.0,2817.0,0.1935032,0.1141104
sultanpur,26.305,83.079,2026-06-15 16:30:00 UTC,h00v00,452.0,2817.0,0.1934276,0.1146581
sultanpur,26.305,83.079,2026-06-15 19:30:00 UTC,h00v00,452.0,2817.0,0.1933458,0.1152327
sultanpur,26.305,83.079,2026-06-15 22:30:00 UTC,h00v00,452.0,2817.0,0.1932371,0.1160682
sultanpur,26.305,83.079,2026-06-16 01:30:00 UTC,h00v00,452.0,2817.0,0.1931133,0.1159079
sultanpur,26.305,83.079,2026-06-16 04:30:00 UTC,h00v00,452.0,2817.0,0.1925344,0.1135005
sultanpur,26.305,83.079,2026-06-16 07:30:00 UTC,h00v00,452.0,2817.0,0.1916905,0.1069329
sultanpur,26.305,83.079,2026-06-16 10:30:00 UTC,h00v00,452.0,2817.0,0.1908785,0.1014421
sultanpur,26.305,83.079,2026-06-16 13:30:00 UTC,h00v00,452.0,2817.0,0.1904571,0.1001297
sultanpur,26.305,83.079,2026-06-16 16:30:00 UTC,h00v00,452.0,2817.0,0.1904154,0.1010988
sultanpur,26.305,83.079,2026-06-16 19:30:00 UTC,h00v00,452.0,2817.0,0.1904244,0.1026311
sultanpur,26.305,83.079,2026-06-16 22:30:00 UTC,h00v00,452.0,2817.0,0.1904198,0.1043861
sultanpur,26.305,83.079,2026-06-17 01:30:00 UTC,h00v00,452.0,2817.0,0.1892575,0.0880492
sultanpur,26.305,83.079,2026-06-17 04:30:00 UTC,h00v00,452.0,2817.0,0.1887794,0.0871582
sultanpur,26.305,83.079,2026-06-17 07:30:00 UTC,h00v00,452.0,2817.0,0.1880874,0.0850815
sultanpur,26.305,83.079,2026-06-17 10:30:00 UTC,h00v00,452.0,2817.0,0.1875043,0.0836673
sultanpur,26.305,83.079,2026-06-17 13:30:00 UTC,h00v00,452.0,2817.0,0.1874258,0.0800465
sultanpur,26.305,83.079,2026-06-17 16:30:00 UTC,h00v00,452.0,2817.0,0.1873728,0.0816031
sultanpur,26.305,83.079,2026-06-17 19:30:00 UTC,h00v00,452.0,2817.0,0.1873594,0.0833936
sultanpur,26.305,83.079,2026-06-17 22:30:00 UTC,h00v00,452.0,2817.0,0.1873541,0.0847631
sultanpur,26.305,83.079,2026-06-18 01:30:00 UTC,h00v00,452.0,2817.0,0.1872799,0.0861509
sultanpur,26.305,83.079,2026-06-18 04:30:00 UTC,h00v00,452.0,2817.0,0.1868338,0.0856294
sultanpur,26.305,83.079,2026-06-18 07:30:00 UTC,h00v00,452.0,2817.0,0.1861506,0.0833544
sultanpur,26.305,83.079,2026-06-18 10:30:00 UTC,h00v00,452.0,2817.0,0.1855522,0.0813521
sultanpur,26.305,83.079,2026-06-18 13:30:00 UTC,h00v00,452.0,2817.0,0.1854258,0.0740041
sultanpur,26.305,83.079,2026-06-18 16:30:00 UTC,h00v00,452.0,2817.0,0.1854196,0.076408
sultanpur,26.305,83.079,2026-06-18 19:30:00 UTC,h00v00,452.0,2817.0,0.1854486,0.0789103
sultanpur,26.305,83.079,2026-06-18 22:30:00 UTC,h00v00,452.0,2817.0,0.1855372,0.0816503
sultanpur,26.305,83.079,2026-06-19 01:30:00 UTC,h00v00,452.0,2817.0,0.1854052,0.0755795
sultanpur,26.305,83.079,2026-06-19 04:30:00 UTC,h00v00,452.0,2817.0,0.184974,0.0754546
sultanpur,26.305,83.079,2026-06-19 07:30:00 UTC,h00v00,452.0,2817.0,0.1843913,0.0752413
sultanpur,26.305,83.079,2026-06-19 10:30:00 UTC,h00v00,452.0,2817.0,0.1839365,0.075958
sultanpur,26.305,83.079,2026-06-19 13:30:00 UTC,h00v00,452.0,2817.0,0.1836973,0.0772583
sultanpur,26.305,83.079,2026-06-19 16:30:00 UTC,h00v00,452.0,2817.0,0.1837239,0.0795623
sultanpur,26.305,83.079,2026-06-19 19:30:00 UTC,h00v00,452.0,2817.0,0.1848452,0.0995011
sultanpur,26.305,83.079,2026-06-19 22:30:00 UTC,h00v00,452.0,2817.0,0.1880921,0.1599231
sultanpur,26.305,83.079,2026-06-20 01:30:00 UTC,h00v00,452.0,2817.0,0.1882572,0.1601069
sultanpur,26.305,83.079,2026-06-20 04:30:00 UTC,h00v00,452.0,2817.0,0.1876647,0.15067
sultanpur,26.305,83.079,2026-06-20 07:30:00 UTC,h00v00,452.0,2817.0,0.1866516,0.1369884
sultanpur,26.305,83.079,2026-06-20 10:30:00 UTC,h00v00,452.0,2817.0,0.1862658,0.1353167
sultanpur,26.305,83.079,2026-06-20 13:30:00 UTC,h00v00,452.0,2817.0,0.1835597,0.0999741
sultanpur,26.305,83.079,2026-06-20 16:30:00 UTC,h00v00,452.0,2817.0,0.1835825,0.1012707
sultanpur,26.305,83.079,2026-06-20 19:30:00 UTC,h00v00,452.0,2817.0,0.1836906,0.1042917
sultanpur,26.305,83.079,2026-06-20 22:30:00 UTC,h00v00,452.0,2817.0,0.1840843,0.1118356
sultanpur,26.305,83.079,2026-06-21 01:30:00 UTC,h00v00,452.0,2817.0,0.1840353,0.1126634
sultanpur,26.305,83.079,2026-06-21 04:30:00 UTC,h00v00,452.0,2817.0,0.1835711,0.1094018
sultanpur,26.305,83.079,2026-06-21 07:30:00 UTC,h00v00,452.0,2817.0,0.1828253,0.1030205
sultanpur,26.305,83.079,2026-06-21 10:30:00 UTC,h00v00,452.0,2817.0,0.1822231,0.0993484
sultanpur,26.305,83.079,2026-06-21 13:30:00 UTC,h00v00,452.0,2817.0,0.181961,0.0991876
sultanpur,26.305,83.079,2026-06-21 16:30:00 UTC,h00v00,452.0,2817.0,0.181994,0.1006759
sultanpur,26.305,83.079,2026-06-21 19:30:00 UTC,h00v00,452.0,2817.0,0.1823349,0.1075524
sultanpur,26.305,83.079,2026-06-21 22:30:00 UTC,h00v00,452.0,2817.0,0.1828567,0.117187
sultanpur,26.305,83.079,2026-06-22 01:30:00 UTC,h00v00,452.0,2817.0,0.1798086,0.0655268
sultanpur,26.305,83.079,2026-06-22 04:30:00 UTC,h00v00,452.0,2817.0,0.17949,0.0661657
sultanpur,26.305,83.079,2026-06-22 07:30:00 UTC,h00v00,452.0,2817.0,0.1790099,0.0665286
sultanpur,26.305,83.079,2026-06-22 10:30:00 UTC,h00v00,452.0,2817.0,0.1785469,0.0671228
sultanpur,26.305,83.079,2026-06-22 13:30:00 UTC,h00v00,452.0,2817.0,0.1784225,0.0685311
sultanpur,26.305,83.079,2026-06-22 16:30:00 UTC,h00v00,452.0,2817.0,0.1784752,0.0706008
sultanpur,26.305,83.079,2026-06-22 19:30:00 UTC,h00v00,452.0,2817.0,0.1785388,0.0728067
sultanpur,26.305,83.079,2026-06-22 22:30:00 UTC,h00v00,452.0,2817.0,0.1785874,0.0750523
sultanpur,26.305,83.079,2026-06-23 01:30:00 UTC,h00v00,452.0,2817.0,0.1786597,0.0771225
sultanpur,26.305,83.079,2026-06-23 04:30:00 UTC,h00v00,452.0,2817.0,0.1782748,0.0764621
sultanpur,26.305,83.079,2026-06-23 07:30:00 UTC,h00v00,452.0,2817.0,0.1777406,0.0737361
sultanpur,26.305,83.079,2026-06-23 10:30:00 UTC,h00v00,452.0,2817.0,0.1773115,0.0722231
sultanpur,26.305,83.079,2026-06-23 13:30:00 UTC,h00v00,452.0,2817.0,0.1761307,0.0609137
sultanpur,26.305,83.079,2026-06-23 16:30:00 UTC,h00v00,452.0,2817.0,0.1761918,0.0632565
sultanpur,26.305,83.079,2026-06-23 19:30:00 UTC,h00v00,452.0,2817.0,0.1762959,0.0653177
sultanpur,26.305,83.079,2026-06-23 22:30:00 UTC,h00v00,452.0,2817.0,0.1763472,0.0671123
sultanpur,26.305,83.079,2026-06-24 01:30:00 UTC,h00v00,452.0,2817.0,0.1763288,0.0675211
sultanpur,26.305,83.079,2026-06-24 04:30:00 UTC,h00v00,452.0,2817.0,0.1759931,0.0672313
sultanpur,26.305,83.079,2026-06-24 07:30:00 UTC,h00v00,452.0,2817.0,0.1754812,0.0666564
sultanpur,26.305,83.079,2026-06-24 10:30:00 UTC,h00v00,452.0,2817.0,0.1751326,0.0667474
sultanpur,26.305,83.079,2026-06-24 13:30:00 UTC,h00v00,452.0,2817.0,0.1749632,0.0681202
sultanpur,26.305,83.079,2026-06-24 16:30:00 UTC,h00v00,452.0,2817.0,0.1749982,0.0703602
sultanpur,26.305,83.079,2026-06-24 19:30:00 UTC,h00v00,452.0,2817.0,0.1751098,0.0729953
sultanpur,26.305,83.079,2026-06-24 22:30:00 UTC,h00v00,452.0,2817.0,0.1752161,0.0766227
sultanpur,26.305,83.079,2026-06-25 01:30:00 UTC,h00v00,452.0,2817.0,0.174043,0.058254
sultanpur,26.305,83.079,2026-06-25 04:30:00 UTC,h00v00,452.0,2817.0,0.1738603,0.0598805
sultanpur,26.305,83.079,2026-06-25 07:30:00 UTC,h00v00,452.0,2817.0,0.1734849,0.060587
sultanpur,26.305,83.079,2026-06-25 10:30:00 UTC,h00v00,452.0,2817.0,0.1731468,0.0608463
sultanpur,26.305,83.079,2026-06-25 13:30:00 UTC,h00v00,452.0,2817.0,0.1730524,0.0585762
sultanpur,26.305,83.079,2026-06-25 16:30:00 UTC,h00v00,452.0,2817.0,0.1731381,0.0605357
sultanpur,26.305,83.079,2026-06-25 19:30:00 UTC,h00v00,452.0,2817.0,0.1737829,0.07198
sultanpur,26.305,83.079,2026-06-25 22:30:00 UTC,h00v00,452.0,2817.0,0.175753,0.1080279
sultanpur,26.305,83.079,2026-06-26 01:30:00 UTC,h00v00,452.0,2817.0,0.1764731,0.1225679
sultanpur,26.305,83.079,2026-06-26 04:30:00 UTC,h00v00,452.0,2817.0,0.1767891,0.1304425
sultanpur,26.305,83.079,2026-06-26 07:30:00 UTC,h00v00,452.0,2817.0,0.1760407,0.119509
sultanpur,26.305,83.079,2026-06-26 10:30:00 UTC,h00v00,452.0,2817.0,0.1754741,0.1108202
sultanpur,26.305,83.079,2026-06-26 13:30:00 UTC,h00v00,452.0,2817.0,0.1715114,0.0585065
sultanpur,26.305,83.079,2026-06-26 16:30:00 UTC,h00v00,452.0,2817.0,0.1715514,0.0596814
sultanpur,26.305,83.079,2026-06-26 19:30:00 UTC,h00v00,452.0,2817.0,0.1716748,0.0628367
sultanpur,26.305,83.079,2026-06-26 22:30:00 UTC,h00v00,452.0,2817.0,0.1717727,0.0663138
sultanpur,26.305,83.079,2026-06-27 01:30:00 UTC,h00v00,452.0,2817.0,0.1717548,0.063324
sultanpur,26.305,83.079,2026-06-27 04:30:00 UTC,h00v00,452.0,2817.0,0.1715353,0.0636893
sultanpur,26.305,83.079,2026-06-27 07:30:00 UTC,h00v00,452.0,2817.0,0.1711641,0.064575
sultanpur,26.305,83.079,2026-06-27 10:30:00 UTC,h00v00,452.0,2817.0,0.1709602,0.0661152
sultanpur,26.305,83.079,2026-06-27 13:30:00 UTC,h00v00,452.0,2817.0,0.1710348,0.0707808
sultanpur,26.305,83.079,2026-06-27 16:30:00 UTC,h00v00,452.0,2817.0,0.1716045,0.0808131
sultanpur,26.305,83.079,2026-06-27 19:30:00 UTC,h00v00,452.0,2817.0,0.1717863,0.0852459
sultanpur,26.305,83.079,2026-06-27 22:30:00 UTC,h00v00,452.0,2817.0,0.1722873,0.0945361
sultanpur,26.305,83.079,2026-06-28 01:30:00 UTC,h00v00,452.0,2817.0,0.1725349,0.099917
sultanpur,26.305,83.079,2026-06-28 04:30:00 UTC,h00v00,452.0,2817.0,0.1722988,0.0993264
sultanpur,26.305,83.079,2026-06-28 07:30:00 UTC,h00v00,452.0,2817.0,0.1718463,0.0947698
sultanpur,26.305,83.079,2026-06-28 10:30:00 UTC,h00v00,452.0,2817.0,0.1715026,0.0909289
sultanpur,26.305,83.079,2026-06-28 13:30:00 UTC,h00v00,452.0,2817.0,0.168242,0.052307
sultanpur,26.305,83.079,2026-06-28 16:30:00 UTC,h00v00,452.0,2817.0,0.1683938,0.055515
sultanpur,26.305,83.079,2026-06-28 19:30:00 UTC,h00v00,452.0,2817.0,0.1689632,0.0647977
sultanpur,26.305,83.079,2026-06-28 22:30:00 UTC,h00v00,452.0,2817.0,0.1695456,0.0751705
sultanpur,26.305,83.079,2026-06-29 01:30:00 UTC,h00v00,452.0,2817.0,0.1701747,0.0875947
sultanpur,26.305,83.079,2026-06-29 04:30:00 UTC,h00v00,452.0,2817.0,0.1701536,0.0891127
sultanpur,26.305,83.079,2026-06-29 07:30:00 UTC,h00v00,452.0,2817.0,0.1698112,0.0878798
sultanpur,26.305,83.079,2026-06-29 10:30:00 UTC,h00v00,452.0,2817.0,0.1698192,0.091553
sultanpur,26.305,83.079,2026-06-29 13:30:00 UTC,h00v00,452.0,2817.0,0.1706109,0.1084888
sultanpur,26.305,83.079,2026-06-29 16:30:00 UTC,h00v00,452.0,2817.0,0.1722859,0.1415818
sultanpur,26.305,83.079,2026-06-29 19:30:00 UTC,h00v00,452.0,2817.0,0.173348,0.158483
sultanpur,26.305,83.079,2026-06-29 22:30:00 UTC,h00v00,452.0,2817.0,0.1742291,0.1699275
sultanpur,26.305,83.079,2026-06-30 01:30:00 UTC,h00v00,452.0,2817.0,0.1745302,0.1744113
sultanpur,26.305,83.079,2026-06-30 04:30:00 UTC,h00v00,452.0,2817.0,0.1744172,0.1693078
sultanpur,26.305,83.079,2026-06-30 07:30:00 UTC,h00v00,452.0,2817.0,0.1738437,0.1581097
sultanpur,26.305,83.079,2026-06-30 10:30:00 UTC,h00v00,452.0,2817.0,0.173678,0.15705
sultanpur,26.305,83.079,2026-06-30 13:30:00 UTC,h00v00,452.0,2817.0,0.1738004,0.1583377
sultanpur,26.305,83.079,2026-06-30 16:30:00 UTC,h00v00,452.0,2817.0,0.1738013,0.1570864
sultanpur,26.305,83.079,2026-06-30 19:30:00 UTC,h00v00,452.0,2817.0,0.1738084,0.1567693
sultanpur,26.305,83.079,2026-06-30 22:30:00 UTC,h00v00,452.0,2817.0,0.1739323,0.15782
sultanpur,26.305,83.079,2026-07-01 01:30:00 UTC,h00v00,452.0,2817.0,0.1739608,0.1572388
sultanpur,26.305,83.079,2026-07-01 04:30:00 UTC,h00v00,452.0,2817.0,0.1736614,0.1520505
sultanpur,26.305,83.079,2026-07-01 07:30:00 UTC,h00v00,452.0,2817.0,0.1738687,0.1583152
sultanpur,26.305,83.079,2026-07-01 10:30:00 UTC,h00v00,452.0,2817.0,0.1744728,0.1701821
sultanpur,26.305,83.079,2026-07-01 13:30:00 UTC,h00v00,452.0,2817.0,0.1800984,0.2476039
sultanpur,26.305,83.079,2026-07-01 16:30:00 UTC,h00v00,452.0,2817.0,0.1843041,0.2648595
sultanpur,26.305,83.079,2026-07-01 19:30:00 UTC,h00v00,452.0,2817.0,0.1869229,0.2578959
sultanpur,26.305,83.079,2026-07-01 22:30:00 UTC,h00v00,452.0,2817.0,0.1889156,0.2506437
sultanpur,26.305,83.079,2026-07-02 01:30:00 UTC,h00v00,452.0,2817.0,0.1823152,0.209756
sultanpur,26.305,83.079,2026-07-02 04:30:00 UTC,h00v00,452.0,2817.0,0.182099,0.1983003
sultanpur,26.305,83.079,2026-07-02 07:30:00 UTC,h00v00,452.0,2817.0,0.1811079,0.17926
sultanpur,26.305,83.079,2026-07-02 10:30:00 UTC,h00v00,452.0,2817.0,0.1802044,0.1662602
sultanpur,26.305,83.079,2026-07-02 13:30:00 UTC,h00v00,452.0,2817.0,0.1805711,0.1754889
sultanpur,26.305,83.079,2026-07-02 16:30:00 UTC,h00v00,452.0,2817.0,0.1811628,0.1851106
sultanpur,26.305,83.079,2026-07-02 19:30:00 UTC,h00v00,452.0,2817.0,0.1818935,0.1949234
sultanpur,26.305,83.079,2026-07-02 22:30:00 UTC,h00v00,452.0,2817.0,0.1826702,0.201307
sultanpur,26.305,83.079,2026-07-03 01:30:00 UTC,h00v00,452.0,2817.0,0.1836273,0.1939505
sultanpur,26.305,83.079,2026-07-03 04:30:00 UTC,h00v00,452.0,2817.0,0.1829675,0.1832103
sultanpur,26.305,83.079,2026-07-03 07:30:00 UTC,h00v00,452.0,2817.0,0.1819232,0.1679585
sultanpur,26.305,83.079,2026-07-03 10:30:00 UTC,h00v00,452.0,2817.0,0.1809258,0.1541739
sultanpur,26.305,83.079,2026-07-03 13:30:00 UTC,h00v00,452.0,2817.0,0.1797291,0.1444379
sultanpur,26.305,83.079,2026-07-03 16:30:00 UTC,h00v00,452.0,2817.0,0.1798998,0.1494541
sultanpur,26.305,83.079,2026-07-03 19:30:00 UTC,h00v00,452.0,2817.0,0.1801269,0.1560668
sultanpur,26.305,83.079,2026-07-03 22:30:00 UTC,h00v00,452.0,2817.0,0.1804269,0.1627453
sultanpur,26.305,83.079,2026-07-04 01:30:00 UTC,h00v00,452.0,2817.0,0.1804278,0.1646048
sultanpur,26.305,83.079,2026-07-04 04:30:00 UTC,h00v00,452.0,2817.0,0.1799265,0.1570188
sultanpur,26.305,83.079,2026-07-04 07:30:00 UTC,h00v00,452.0,2817.0,0.1790342,0.1445629
sultanpur,26.305,83.079,2026-07-04 10:30:00 UTC,h00v00,452.0,2817.0,0.1782481,0.1337483
sultanpur,26.305,83.079,2026-07-04 13:30:00 UTC,h00v00,452.0,2817.0,0.17543,0.0993108
sultanpur,26.305,83.079,2026-07-04 16:30:00 UTC,h00v00,452.0,2817.0,0.1753686,0.0996102
sultanpur,26.305,83.079,2026-07-04 19:30:00 UTC,h00v00,452.0,2817.0,0.1753311,0.1004991
sultanpur,26.305,83.079,2026-07-04 22:30:00 UTC,h00v00,452.0,2817.0,0.1753541,0.1016972
sultanpur,26.305,83.079,2026-07-05 01:30:00 UTC,h00v00,452.0,2817.0,0.176767,0.1284236
sultanpur,26.305,83.079,2026-07-05 04:30:00 UTC,h00v00,452.0,2817.0,0.1765036,0.1262694
sultanpur,26.305,83.079,2026-07-05 07:30:00 UTC,h00v00,452.0,2817.0,0.1771137,0.1432014
sultanpur,26.305,83.079,2026-07-05 10:30:00 UTC,h00v00,452.0,2817.0,0.1790177,0.1799318
sultanpur,26.305,83.079,2026-07-05 13:30:00 UTC,h00v00,452.0,2817.0,0.1823691,0.2251486
sultanpur,26.305,83.079,2026-07-05 16:30:00 UTC,h00v00,452.0,2817.0,0.1853119,0.2435975
sultanpur,26.305,83.079,2026-07-05 19:30:00 UTC,h00v00,452.0,2817.0,0.1888162,0.2587865
sultanpur,26.305,83.079,2026-07-05 22:30:00 UTC,h00v00,452.0,2817.0,0.1893488,0.2310905
sultanpur,26.305,83.079,2026-07-06 01:30:00 UTC,h00v00,452.0,2817.0,0.1889113,0.2122142
sultanpur,26.305,83.079,2026-07-06 04:30:00 UTC,h00v00,452.0,2817.0,0.1879797,0.1952452
sultanpur,26.305,83.079,2026-07-06 07:30:00 UTC,h00v00,452.0,2817.0,0.1868224,0.1790943
sultanpur,26.305,83.079,2026-07-06 10:30:00 UTC,h00v00,452.0,2817.0,0.1858557,0.1684281
sultanpur,26.305,83.079,2026-07-06 13:30:00 UTC,h00v00,452.0,2817.0,0.1773607,0.1367612
sultanpur,26.305,83.079,2026-07-06 16:30:00 UTC,h00v00,452.0,2817.0,0.1781607,0.1523091
sultanpur,26.305,83.079,2026-07-06 19:30:00 UTC,h00v00,452.0,2817.0,0.1790721,0.1680898
sultanpur,26.305,83.079,2026-07-06 22:30:00 UTC,h00v00,452.0,2817.0,0.1798819,0.1806834
sultanpur,26.305,83.079,2026-07-07 01:30:00 UTC,h00v00,452.0,2817.0,0.1801174,0.1797664
sultanpur,26.305,83.079,2026-07-07 04:30:00 UTC,h00v00,452.0,2817.0,0.1800178,0.176092
sultanpur,26.305,83.079,2026-07-07 07:30:00 UTC,h00v00,452.0,2817.0,0.1800607,0.1759447
sultanpur,26.305,83.079,2026-07-07 10:30:00 UTC,h00v00,452.0,2817.0,0.1802334,0.1791639
sultanpur,26.305,83.079,2026-07-07 13:30:00 UTC,h00v00,452.0,2817.0,0.181498,0.1982443
sultanpur,26.305,83.079,2026-07-07 16:30:00 UTC,h00v00,452.0,2817.0,0.1830335,0.2145111
sultanpur,26.305,83.079,2026-07-07 19:30:00 UTC,h00v00,452.0,2817.0,0.1839246,0.2146241
sultanpur,26.305,83.079,2026-07-07 22:30:00 UTC,h00v00,452.0,2817.0,0.1843472,0.2086839
sultanpur,26.305,83.079,2026-07-08 01:30:00 UTC,h00v00,452.0,2817.0,0.1838457,0.2011023
sultanpur,26.305,83.079,2026-07-08 04:30:00 UTC,h00v00,452.0,2817.0,0.1833682,0.1898122
sultanpur,26.305,83.079,2026-07-08 07:30:00 UTC,h00v00,452.0,2817.0,0.1827568,0.1785956
sultanpur,26.305,83.079,2026-07-08 10:30:00 UTC,h00v00,452.0,2817.0,0.1820866,0.1684753
sultanpur,26.305,83.079,2026-07-08 13:30:00 UTC,h00v00,452.0,2817.0,0.1823915,0.1763156
sultanpur,26.305,83.079,2026-07-08 16:30:00 UTC,h00v00,452.0,2817.0,0.1829757,0.1868447
sultanpur,26.305,83.079,2026-07-08 19:30:00 UTC,h00v00,452.0,2817.0,0.1849111,0.2150102
sultanpur,26.305,83.079,2026-07-08 22:30:00 UTC,h00v00,452.0,2817.0,0.1857685,0.2143033
sultanpur,26.305,83.079,2026-07-09 01:30:00 UTC,h00v00,452.0,2817.0,0.185772,0.2038106
sultanpur,26.305,83.079,2026-07-09 04:30:00 UTC,h00v00,452.0,2817.0,0.1853893,0.1942893
sultanpur,26.305,83.079,2026-07-09 07:30:00 UTC,h00v00,452.0,2817.0,0.1852307,0.1911733
sultanpur,26.305,83.079,2026-07-09 10:30:00 UTC,h00v00,452.0,2817.0,0.1849066,0.1869925
sultanpur,26.305,83.079,2026-07-09 13:30:00 UTC,h00v00,452.0,2817.0,0.1859194,0.1961606
sultanpur,26.305,83.079,2026-07-09 16:30:00 UTC,h00v00,452.0,2817.0,0.1866858,0.2067713
sultanpur,26.305,83.079,2026-07-09 19:30:00 UTC,h00v00,452.0,2817.0,0.1872574,0.2096292
sultanpur,26.305,83.079,2026-07-09 22:30:00 UTC,h00v00,452.0,2817.0,0.1877653,0.2107538
sultanpur,26.305,83.079,2026-07-10 01:30:00 UTC,h00v00,452.0,2817.0,0.1887691,0.2126378
sultanpur,26.305,83.079,2026-07-10 04:30:00 UTC,h00v00,452.0,2817.0,0.1893336,0.2178913
sultanpur,26.305,83.079,2026-07-10 07:30:00 UTC,h00v00,452.0,2817.0,0.1932077,0.2643462
sultanpur,26.305,83.079,2026-07-10 10:30:00 UTC,h00v00,452.0,2817.0,0.1957638,0.2597907
sultanpur,26.305,83.079,2026-07-10 13:30:00 UTC,h00v00,452.0,2817.0,0.1956975,0.2336175
sultanpur,26.305,83.079,2026-07-10 16:30:00 UTC,h00v00,452.0,2817.0,0.1956822,0.2254138
sultanpur,26.305,83.079,2026-07-10 19:30:00 UTC,h00v00,452.0,2817.0,0.1955633,0.2182702
sultanpur,26.305,83.079,2026-07-10 22:30:00 UTC,h00v00,452.0,2817.0,0.1956203,0.21787
sultanpur,26.305,83.079,2026-07-11 01:30:00 UTC,h00v00,452.0,2817.0,0.2051137,0.2528245
sultanpur,26.305,83.079,2026-07-11 04:30:00 UTC,h00v00,452.0,2817.0,0.204034,0.230119
sultanpur,26.305,83.079,2026-07-11 07:30:00 UTC,h00v00,452.0,2817.0,0.2092235,0.3065016
sultanpur,26.305,83.079,2026-07-11 10:30:00 UTC,h00v00,452.0,2817.0,0.2142507,0.2982385
sultanpur,26.305,83.079,2026-07-11 13:30:00 UTC,h00v00,452.0,2817.0,0.2140775,0.2896527
sultanpur,26.305,83.079,2026-07-11 16:30:00 UTC,h00v00,452.0,2817.0,0.221463,0.3440891
sultanpur,26.305,83.079,2026-07-11 19:30:00 UTC,h00v00,452.0,2817.0,0.2283564,0.3545739
sultanpur,26.305,83.079,2026-07-11 22:30:00 UTC,h00v00,452.0,2817.0,0.2367858,0.3668567
sultanpur,26.305,83.079,2026-07-12 01:30:00 UTC,h00v00,452.0,2817.0,0.2396294,0.3216829
sultanpur,26.305,83.079,2026-07-12 04:30:00 UTC,h00v00,452.0,2817.0,0.2385697,0.2909054
sultanpur,26.305,83.079,2026-07-12 07:30:00 UTC,h00v00,452.0,2817.0,0.2367927,0.2741174
sultanpur,26.305,83.079,2026-07-12 10:30:00 UTC,h00v00,452.0,2817.0,0.2353316,0.2675422
sultanpur,26.305,83.079,2026-07-12 13:30:00 UTC,h00v00,452.0,2817.0,0.2405281,0.2916755
sultanpur,26.305,83.079,2026-07-12 16:30:00 UTC,h00v00,452.0,2817.0,0.2426267,0.3185036
sultanpur,26.305,83.079,2026-07-12 19:30:00 UTC,h00v00,452.0,2817.0,0.2440684,0.3157638
sultanpur,26.305,83.079,2026-07-12 22:30:00 UTC,h00v00,452.0,2817.0,0.2450208,0.3123517
sultanpur,26.305,83.079,2026-07-13 01:30:00 UTC,h00v00,452.0,2817.0,0.2578494,0.3121324
sultanpur,26.305,83.079,2026-07-13 04:30:00 UTC,h00v00,452.0,2817.0,0.2556184,0.290166
sultanpur,26.305,83.079,2026-07-13 07:30:00 UTC,h00v00,452.0,2817.0,0.2527837,0.2658216
sultanpur,26.305,83.079,2026-07-13 10:30:00 UTC,h00v00,452.0,2817.0,0.2504716,0.2517487
sultanpur,26.305,83.079,2026-07-13 13:30:00 UTC,h00v00,452.0,2817.0,0.2497239,0.2599459
sultanpur,26.305,83.079,2026-07-13 16:30:00 UTC,h00v00,452.0,2817.0,0.250119,0.2792251
sultanpur,26.305,83.079,2026-07-13 19:30:00 UTC,h00v00,452.0,2817.0,0.2515018,0.3038029
sultanpur,26.305,83.079,2026-07-13 22:30:00 UTC,h00v00,452.0,2817.0,0.2517652,0.3000748
sultanpur,26.305,83.079,2026-07-14 01:30:00 UTC,h00v00,452.0,2817.0,0.2510136,0.2905831
sultanpur,26.305,83.079,2026-07-14 04:30:00 UTC,h00v00,452.0,2817.0,0.2497901,0.2789169
sultanpur,26.305,83.079,2026-07-14 07:30:00 UTC,h00v00,452.0,2817.0,0.2481179,0.2652785
sultanpur,26.305,83.079,2026-07-14 10:30:00 UTC,h00v00,452.0,2817.0,0.2477679,0.2756028
sultanpur,26.305,83.079,2026-07-14 13:30:00 UTC,h00v00,452.0,2817.0,0.247755,0.2880361
sultanpur,26.305,83.079,2026-07-14 16:30:00 UTC,h00v00,452.0,2817.0,0.2477478,0.2866132
sultanpur,26.305,83.079,2026-07-14 19:30:00 UTC,h00v00,452.0,2817.0,0.2485164,0.2986265
sultanpur,26.305,83.079,2026-07-14 22:30:00 UTC,h00v00,452.0,2817.0,0.2496113,0.3047896
sultanpur,26.305,83.079,2026-07-15 01:30:00 UTC,h00v00,452.0,2817.0,0.2495446,0.2948084
sultanpur,26.305,83.079,2026-07-15 04:30:00 UTC,h00v00,452.0,2817.0,0.2484732,0.2803299
sultanpur,26.305,83.079,2026-07-15 07:30:00 UTC,h00v00,452.0,2817.0,0.2471045,0.2684909
sultanpur,26.305,83.079,2026-07-15 10:30:00 UTC,h00v00,452.0,2817.0,0.2460491,0.2609679
sultanpur,26.305,83.079,2026-07-15 13:30:00 UTC,h00v00,452.0,2817.0,0.2467832,0.2790446
sultanpur,26.305,83.079,2026-07-15 16:30:00 UTC,h00v00,452.0,2817.0,0.2470367,0.2777966
sultanpur,26.305,83.079,2026-07-15 19:30:00 UTC,h00v00,452.0,2817.0,0.2469736,0.2760021
sultanpur,26.305,83.079,2026-07-15 22:30:00 UTC,h00v00,452.0,2817.0,0.2469743,0.2758231
sultanpur,26.305,83.079,2026-07-16 01:30:00 UTC,h00v00,452.0,2817.0,0.2487798,0.2866161
sultanpur,26.305,83.079,2026-07-16 04:30:00 UTC,h00v00,452.0,2817.0,0.2483899,0.2815877
sultanpur,26.305,83.079,2026-07-16 07:30:00 UTC,h00v00,452.0,2817.0,0.2474919,0.271151
sultanpur,26.305,83.079,2026-07-16 10:30:00 UTC,h00v00,452.0,2817.0,0.2465934,0.2618379
sultanpur,26.305,83.079,2026-07-16 13:30:00 UTC,h00v00,452.0,2817.0,0.2463453,0.2611757
sultanpur,26.305,83.079,2026-07-16 16:30:00 UTC,h00v00,452.0,2817.0,0.2462956,0.2624706
sultanpur,26.305,83.079,2026-07-16 19:30:00 UTC,h00v00,452.0,2817.0,0.2462045,0.2632476
sultanpur,26.305,83.079,2026-07-16 22:30:00 UTC,h00v00,452.0,2817.0,0.2462325,0.2641647
sultanpur,26.305,83.079,2026-07-17 01:30:00 UTC,h00v00,452.0,2817.0,0.2461924,0.2637971
sultanpur,26.305,83.079,2026-07-17 04:30:00 UTC,h00v00,452.0,2817.0,0.2455922,0.257092
sultanpur,26.305,83.079,2026-07-17 07:30:00 UTC,h00v00,452.0,2817.0,0.2444726,0.2460875
sultanpur,26.305,83.079,2026-07-17 10:30:00 UTC,h00v00,452.0,2817.0,0.2438021,0.2453655
sultanpur,26.305,83.079,2026-07-17 13:30:00 UTC,h00v00,452.0,2817.0,0.2486853,0.3023383
sultanpur,26.305,83.079,2026-07-17 16:30:00 UTC,h00v00,452.0,2817.0,0.2492652,0.2977522
sultanpur,26.305,83.079,2026-07-17 19:30:00 UTC,h00v00,452.0,2817.0,0.2497311,0.296931
sultanpur,26.305,83.079,2026-07-17 22:30:00 UTC,h00v00,452.0,2817.0,0.2503048,0.298225
sultanpur,26.305,83.079,2026-07-18 01:30:00 UTC,h00v00,452.0,2817.0,0.2517672,0.2991259
sultanpur,26.305,83.079,2026-07-18 04:30:00 UTC,h00v00,452.0,2817.0,0.2517951,0.2967712
sultanpur,26.305,83.079,2026-07-18 07:30:00 UTC,h00v00,452.0,2817.0,0.2525864,0.3055851
sultanpur,26.305,83.079,2026-07-18 10:30:00 UTC,h00v00,452.0,2817.0,0.2539606,0.3183246
sultanpur,26.305,83.079,2026-07-18 13:30:00 UTC,h00v00,452.0,2817.0,0.2564168,0.3236943
sultanpur,26.305,83.079,2026-07-18 16:30:00 UTC,h00v00,452.0,2817.0,0.2574178,0.3173619
sultanpur,26.305,83.079,2026-07-18 19:30:00 UTC,h00v00,452.0,2817.0,0.2589379,0.3205404
sultanpur,26.305,83.079,2026-07-18 22:30:00 UTC,h00v00,452.0,2817.0,0.2604515,0.3237405
sultanpur,26.305,83.079,2026-07-19 01:30:00 UTC,h00v00,452.0,2817.0,0.2658929,0.3354613
sultanpur,26.305,83.079,2026-07-19 04:30:00 UTC,h00v00,452.0,2817.0,0.2670646,0.3254092
sultanpur,26.305,83.079,2026-07-19 07:30:00 UTC,h00v00,452.0,2817.0,0.266281,0.3077516
sultanpur,26.305,83.079,2026-07-19 10:30:00 UTC,h00v00,452.0,2817.0,0.2662131,0.3123721
sultanpur,26.305,83.079,2026-07-19 13:30:00 UTC,h00v00,452.0,2817.0,0.2722339,0.3260348
sultanpur,26.305,83.079,2026-07-19 16:30:00 UTC,h00v00,452.0,2817.0,0.2732978,0.3330967
sultanpur,26.305,83.079,2026-07-19 19:30:00 UTC,h00v00,452.0,2817.0,0.2738801,0.3270645
sultanpur,26.305,83.079,2026-07-19 22:30:00 UTC,h00v00,452.0,2817.0,0.2745505,0.3297656
sultanpur,26.305,83.079,2026-07-20 01:30:00 UTC,h00v00,452.0,2817.0,0.2757885,0.335323
sultanpur,26.305,83.079,2026-07-20 04:30:00 UTC,h00v00,452.0,2817.0,0.2770896,0.3363337
sultanpur,26.305,83.079,2026-07-20 07:30:00 UTC,h00v00,452.0,2817.0,0.2768654,0.3221047
sultanpur,26.305,83.079,2026-07-20 10:30:00 UTC,h00v00,452.0,2817.0,0.2760751,0.3130809
sultanpur,26.305,83.079,2026-07-20 13:30:00 UTC,h00v00,452.0,2817.0,0.2770615,0.3182451
sultanpur,26.305,83.079,2026-07-20 16:30:00 UTC,h00v00,452.0,2817.0,0.2777314,0.3271044
sultanpur,26.305,83.079,2026-07-20 19:30:00 UTC,h00v00,452.0,2817.0,0.2781317,0.326416
sultanpur,26.305,83.079,2026-07-20 22:30:00 UTC,h00v00,452.0,2817.0,0.2780505,0.3213918
sultanpur,26.305,83.079,2026-07-21 01:30:00 UTC,h00v00,452.0,2817.0,0.2785779,0.3185231
sultanpur,26.305,83.079,2026-07-21 04:30:00 UTC,h00v00,452.0,2817.0,0.2777907,0.3091189
sultanpur,26.305,83.079,2026-07-21 07:30:00 UTC,h00v00,452.0,2817.0,0.276211,0.2902211
sultanpur,26.305,83.079,2026-07-21 10:30:00 UTC,h00v00,452.0,2817.0,0.2746866,0.275077
sultanpur,26.305,83.079,2026-07-21 13:30:00 UTC,h00v00,452.0,2817.0,0.2742288,0.2756597
sultanpur,26.305,83.079,2026-07-21 16:30:00 UTC,h00v00,452.0,2817.0,0.2740222,0.2778409
sultanpur,26.305,83.079,2026-07-21 19:30:00 UTC,h00v00,452.0,2817.0,0.2739521,0.2800948
sultanpur,26.305,83.079,2026-07-21 22:30:00 UTC,h00v00,452.0,2817.0,0.2737464,0.2815139
sultanpur,26.305,83.079,2026-07-22 01:30:00 UTC,h00v00,452.0,2817.0,0.2734665,0.2814181
sultanpur,26.305,83.079,2026-07-22 04:30:00 UTC,h00v00,452.0,2817.0,0.2725607,0.2704381
sultanpur,26.305,83.079,2026-07-22 07:30:00 UTC,h00v00,452.0,2817.0,0.2710344,0.2545994
sultanpur,26.305,83.079,2026-07-22 10:30:00 UTC,h00v00,452.0,2817.0,0.2698844,0.2465502
sultanpur,26.305,83.079,2026-07-22 13:30:00 UTC,h00v00,452.0,2817.0,0.2731867,0.2985665
sultanpur,26.305,83.079,2026-07-22 16:30:00 UTC,h00v00,452.0,2817.0,0.2733414,0.303284
sultanpur,26.305,83.079,2026-07-22 19:30:00 UTC,h00v00,452.0,2817.0,0.2739946,0.3120138
sultanpur,26.305,83.079,2026-07-22 22:30:00 UTC,h00v00,452.0,2817.0,0.2740193,0.3103659
